name_in_document,location,classification,iata,icao,source_url,source_edition,notes
Абакан,Республика Хакасия,"воздушный грузо-пассажирский, постоянный, многосторонний",ABA,UNAA,https://rosgranstroy.ru/checkpoints/2,"Реестр пунктов пропуска ФГКУ Росгранстрой (rosgranstroy.ru/checkpoints), выгрузка 02.10.2026; запись обновлена 2026-03-26",функционирует (реестр Росгранстроя)
Анадырь (Угольный),Чукотский автономный округ,"воздушный грузо-пассажирский, работающий на нерегулярной основе, многосторонний",DYR,UHMA,https://rosgranstroy.ru/checkpoints/12,"Реестр пунктов пропуска ФГКУ Росгранстрой (rosgranstroy.ru/checkpoints), выгрузка 02.10.2026; запись обновлена 2026-03-26",функционирует (реестр Росгранстроя)
Анапа (Витязево),Краснодарский край,"воздушный грузо-пассажирский, постоянный, многосторонний",AAQ,URKA,https://rosgranstroy.ru/checkpoints/14,"Реестр пунктов пропуска ФГКУ Росгранстрой (rosgranstroy.ru/checkpoints), выгрузка 02.10.2026; запись обновлена 2026-03-25","функционирует (реестр Росгранстроя); в 2665-р (2017): грузо-пассажирский, работающий на нерегулярной основе, многосторонний; в перечне Минтранса на 18.12.2020: грузопассажирский работающий на нерегулярной основе многосторонний"
Архангельск (Талаги),Архангельская область,"воздушный грузо-пассажирский, постоянный, многосторонний",ARH,ULAA,https://rosgranstroy.ru/checkpoints/18,"Реестр пунктов пропуска ФГКУ Росгранстрой (rosgranstroy.ru/checkpoints), выгрузка 02.10.2026; запись обновлена 2026-03-25",функционирует (реестр Росгранстроя)
Астрахань (Нариманово),Астраханская область,"воздушный грузо-пассажирский, постоянный, многосторонний",ASF,URWA,https://rosgranstroy.ru/checkpoints/21,"Реестр пунктов пропуска ФГКУ Росгранстрой (rosgranstroy.ru/checkpoints), выгрузка 02.10.2026; запись обновлена 2026-03-25",функционирует (реестр Росгранстроя)
Барнаул,Алтайский край,"воздушный грузо-пассажирский, постоянный, многосторонний",BAX,UNBB,https://rosgranstroy.ru/checkpoints/24,"Реестр пунктов пропуска ФГКУ Росгранстрой (rosgranstroy.ru/checkpoints), выгрузка 02.10.2026; запись обновлена 2026-03-25",функционирует (реестр Росгранстроя)
Белгород,Белгородская область,"воздушный грузо-пассажирский, постоянный, многосторонний",EGO,UUOB,https://rosgranstroy.ru/checkpoints/28,"Реестр пунктов пропуска ФГКУ Росгранстрой (rosgranstroy.ru/checkpoints), выгрузка 02.10.2026; запись обновлена 2026-03-25",функционирует (реестр Росгранстроя)
Благовещенск,Амурская область,"воздушный грузо-пассажирский, постоянный, многосторонний",BQS,UHBB,https://rosgranstroy.ru/checkpoints/31,"Реестр пунктов пропуска ФГКУ Росгранстрой (rosgranstroy.ru/checkpoints), выгрузка 02.10.2026; запись обновлена 2026-03-25",функционирует (реестр Росгранстроя)
Братск,Иркутская область,"воздушный грузо-пассажирский, постоянный, многосторонний",BTK,UIBB,https://rosgranstroy.ru/checkpoints/36,"Реестр пунктов пропуска ФГКУ Росгранстрой (rosgranstroy.ru/checkpoints), выгрузка 02.10.2026; запись обновлена 2026-03-25",функционирует (реестр Росгранстроя)
Брянск,Брянская область,"воздушный грузо-пассажирский, работающий на нерегулярной основе, многосторонний",BZK,UUBP,https://rosgranstroy.ru/checkpoints/40,"Реестр пунктов пропуска ФГКУ Росгранстрой (rosgranstroy.ru/checkpoints), выгрузка 02.10.2026; запись обновлена 2026-03-25",функционирует (реестр Росгранстроя)
Владивосток (Кневичи),Приморский край,"воздушный грузо-пассажирский, постоянный, многосторонний",VVO,UHWW,https://rosgranstroy.ru/checkpoints/61,"Реестр пунктов пропуска ФГКУ Росгранстрой (rosgranstroy.ru/checkpoints), выгрузка 02.10.2026; запись обновлена 2026-03-19",функционирует (реестр Росгранстроя)
Владикавказ (Беслан),Республика Северная Осетия — Алания,"воздушный грузо-пассажирский, работающий на нерегулярной основе, многосторонний",OGZ,URMO,https://rosgranstroy.ru/checkpoints/62,"Реестр пунктов пропуска ФГКУ Росгранстрой (rosgranstroy.ru/checkpoints), выгрузка 02.10.2026; запись обновлена 2026-03-19",функционирует (реестр Росгранстроя)
Волгоград (Гумрак),Волгоградская область,"воздушный грузо-пассажирский, постоянный, многосторонний",VOG,URWW,https://rosgranstroy.ru/checkpoints/63,"Реестр пунктов пропуска ФГКУ Росгранстрой (rosgranstroy.ru/checkpoints), выгрузка 02.10.2026; запись обновлена 2026-03-19",функционирует (реестр Росгранстроя)
Воронеж (Чертовицкое),Воронежская область,"воздушный грузо-пассажирский, постоянный, многосторонний",VOZ,UUOO,https://rosgranstroy.ru/checkpoints/65,"Реестр пунктов пропуска ФГКУ Росгранстрой (rosgranstroy.ru/checkpoints), выгрузка 02.10.2026; запись обновлена 2026-03-19",функционирует (реестр Росгранстроя)
Геленджик,Краснодарский край,"воздушный грузо-пассажирский, работающий на нерегулярной основе, многосторонний",GDZ,URKG,https://rosgranstroy.ru/checkpoints/76,"Реестр пунктов пропуска ФГКУ Росгранстрой (rosgranstroy.ru/checkpoints), выгрузка 02.10.2026; запись обновлена 2023-02-28","НЕ функционирует (реестр Росгранстроя); в 2665-р (2017): грузо-пассажирский, постоянный, многосторонний; в перечне Минтранса на 18.12.2020: грузопассажирский постоянный многосторонний; в перечне Минтранса на 18.12.2020: не функционирует"
Горно-Алтайск,Республика Алтай,"воздушный грузо-пассажирский, постоянный, многосторонний",RGK,UNBG,https://rosgranstroy.ru/checkpoints/gornoaltaysk,"Реестр пунктов пропуска ФГКУ Росгранстрой (rosgranstroy.ru/checkpoints), выгрузка 02.10.2026; запись обновлена 2026-03-26","функционирует (реестр Росгранстроя); нет в 2665-р (2017); нет в перечне Минтранса на 18.12.2020; аэропорт открыт и пункт пропуска установлен распоряжением Правительства РФ от 25.03.2025 № 698-р; пункт пропуска открыт (I этап) приказом Минтранса от 16.07.2025 № 212; в реестре Росгранстроя координаты-заглушка 55,55"
Грозный (Северный),Чеченская Республика,"воздушный грузо-пассажирский, постоянный, многосторонний",GRV,URMG,https://rosgranstroy.ru/checkpoints/82,"Реестр пунктов пропуска ФГКУ Росгранстрой (rosgranstroy.ru/checkpoints), выгрузка 02.10.2026; запись обновлена 2026-03-19",функционирует (реестр Росгранстроя)
Екатеринбург (Кольцово),Свердловская область,"воздушный грузо-пассажирский, постоянный, многосторонний",SVX,USSS,https://rosgranstroy.ru/checkpoints/99,"Реестр пунктов пропуска ФГКУ Росгранстрой (rosgranstroy.ru/checkpoints), выгрузка 02.10.2026; запись обновлена 2026-03-17",функционирует (реестр Росгранстроя); приказ Минтранса от 12.05.2025 № 158 об открытии пункта пропуска и утверждении пределов
Жуковский,Московская область,"воздушный грузо-пассажирский, постоянный, многосторонний",ZIA,UUBW,https://rosgranstroy.ru/checkpoints/103,"Реестр пунктов пропуска ФГКУ Росгранстрой (rosgranstroy.ru/checkpoints), выгрузка 02.10.2026; запись обновлена 2026-03-17",функционирует (реестр Росгранстроя); в 2665-р (2017) значится как «Раменское»
Иваново (Южный),Ивановская область,"воздушный грузо-пассажирский, работающий на нерегулярной основе, многосторонний",IWA,UUBI,https://rosgranstroy.ru/checkpoints/113,"Реестр пунктов пропуска ФГКУ Росгранстрой (rosgranstroy.ru/checkpoints), выгрузка 02.10.2026; запись обновлена 2023-02-28",НЕ функционирует (реестр Росгранстроя); в перечне Минтранса на 18.12.2020: не функционирует
Ижевск,Удмуртская Республика,"воздушный грузо-пассажирский, постоянный, многосторонний",IJK,USII,https://rosgranstroy.ru/checkpoints/380,"Реестр пунктов пропуска ФГКУ Росгранстрой (rosgranstroy.ru/checkpoints), выгрузка 02.10.2026; запись обновлена 2026-07-22","НЕ функционирует (реестр Росгранстроя); нет в 2665-р (2017); нет в перечне Минтранса на 18.12.2020; аэропорт открыт для международных полётов и пункт пропуска установлен распоряжением Правительства РФ (апрель 2023, по rg.ru от 25.04.2023; номер акта не установлен); в реестре Росгранстроя координаты-заглушка 55,55"
Иркутск,Иркутская область,"воздушный грузо-пассажирский, постоянный, многосторонний",IKT,UIII,https://rosgranstroy.ru/checkpoints/118,"Реестр пунктов пропуска ФГКУ Росгранстрой (rosgranstroy.ru/checkpoints), выгрузка 02.10.2026; запись обновлена 2026-03-16",функционирует (реестр Росгранстроя)
Казань,Республика Татарстан,"воздушный грузо-пассажирский, постоянный, многосторонний",KZN,UWKD,https://rosgranstroy.ru/checkpoints/124,"Реестр пунктов пропуска ФГКУ Росгранстрой (rosgranstroy.ru/checkpoints), выгрузка 02.10.2026; запись обновлена 2026-03-16",функционирует (реестр Росгранстроя); в реестре Росгранстроя субъект ошибочно указан как Волгоградская область
Калининград (Храброво),Калининградская область,"воздушный грузо-пассажирский, постоянный, многосторонний",KGD,UMKK,https://rosgranstroy.ru/checkpoints/127,"Реестр пунктов пропуска ФГКУ Росгранстрой (rosgranstroy.ru/checkpoints), выгрузка 02.10.2026; запись обновлена 2026-02-02",функционирует (реестр Росгранстроя)
Калуга (Грабцево),Калужская область,"воздушный грузо-пассажирский, постоянный, многосторонний",KLF,UUBC,https://rosgranstroy.ru/checkpoints/128,"Реестр пунктов пропуска ФГКУ Росгранстрой (rosgranstroy.ru/checkpoints), выгрузка 02.10.2026; запись обновлена 2026-03-16","функционирует (реестр Росгранстроя); в 2665-р (2017): пассажирский, работающий на нерегулярной основе, многосторонний"
Кемерово,Кемеровская область,"воздушный грузо-пассажирский, постоянный, многосторонний",KEJ,UNEE,https://rosgranstroy.ru/checkpoints/135,"Реестр пунктов пропуска ФГКУ Росгранстрой (rosgranstroy.ru/checkpoints), выгрузка 02.10.2026; запись обновлена 2026-03-16",функционирует (реестр Росгранстроя)
Краснодар (Пашковский),Краснодарский край,"воздушный грузо-пассажирский, постоянный, многосторонний",KRR,URKK,https://rosgranstroy.ru/checkpoints/144,"Реестр пунктов пропуска ФГКУ Росгранстрой (rosgranstroy.ru/checkpoints), выгрузка 02.10.2026; запись обновлена 2026-03-16",функционирует (реестр Росгранстроя)
Красноярск (Емельяново),Красноярский край,"воздушный грузо-пассажирский, постоянный, многосторонний",KJA,UNKL,https://rosgranstroy.ru/checkpoints/145,"Реестр пунктов пропуска ФГКУ Росгранстрой (rosgranstroy.ru/checkpoints), выгрузка 02.10.2026; запись обновлена 2026-03-16",функционирует (реестр Росгранстроя)
Кубинка,Московская область,"воздушный грузо-пассажирский, постоянный, многосторонний",,UUMB,https://rosgranstroy.ru/checkpoints/149,"Реестр пунктов пропуска ФГКУ Росгранстрой (rosgranstroy.ru/checkpoints), выгрузка 02.10.2026; запись обновлена 2026-03-03",функционирует (реестр Росгранстроя); военный аэродром; IATA нет
Курган,Курганская область,"воздушный грузо-пассажирский, работающий на нерегулярной основе, многосторонний",KRO,USUU,https://rosgranstroy.ru/checkpoints/155,"Реестр пунктов пропуска ФГКУ Росгранстрой (rosgranstroy.ru/checkpoints), выгрузка 02.10.2026; запись обновлена 2026-02-11",НЕ функционирует (реестр Росгранстроя); в перечне Минтранса на 18.12.2020: не функционирует
Курск,Курская область,"воздушный грузо-пассажирский, работающий на нерегулярной основе, многосторонний",URS,UUOK,https://rosgranstroy.ru/checkpoints/156,"Реестр пунктов пропуска ФГКУ Росгранстрой (rosgranstroy.ru/checkpoints), выгрузка 02.10.2026; запись обновлена 2026-03-03",функционирует (реестр Росгранстроя)
Кызыл,Республика Тыва,"воздушный грузо-пассажирский, работающий на нерегулярной основе, многосторонний",KYZ,UNKY,https://rosgranstroy.ru/checkpoints/157,"Реестр пунктов пропуска ФГКУ Росгранстрой (rosgranstroy.ru/checkpoints), выгрузка 02.10.2026; запись обновлена 2026-03-02",функционирует (реестр Росгранстроя); нет в 2665-р (2017); в перечне Минтранса на 18.12.2020: не функционирует
Левашово,Санкт-Петербург,"воздушный грузо-пассажирский, работающий на нерегулярной основе, многосторонний",,,https://rosgranstroy.ru/checkpoints/160,"Реестр пунктов пропуска ФГКУ Росгранстрой (rosgranstroy.ru/checkpoints), выгрузка 02.10.2026; запись обновлена 2023-02-28","НЕ функционирует (реестр Росгранстроя); нет в 2665-р (2017); нет в перечне Минтранса на 18.12.2020; установлен распоряжением Правительства РФ от 30.06.2022 № 1762-р (в акте — постоянный, в реестре Росгранстроя — нерегулярный); IATA/ICAO не сопоставлены (военный аэродром)"
Липецк,Липецкая область,"воздушный грузо-пассажирский, постоянный, многосторонний",LPK,UUOL,https://rosgranstroy.ru/checkpoints/161,"Реестр пунктов пропуска ФГКУ Росгранстрой (rosgranstroy.ru/checkpoints), выгрузка 02.10.2026; запись обновлена 2026-03-02",функционирует (реестр Росгранстроя)
Магадан (Сокол),Магаданская область,"воздушный грузо-пассажирский, работающий на нерегулярной основе, многосторонний",GDX,UHMM,https://rosgranstroy.ru/checkpoints/171,"Реестр пунктов пропуска ФГКУ Росгранстрой (rosgranstroy.ru/checkpoints), выгрузка 02.10.2026; запись обновлена 2025-02-20",функционирует (реестр Росгранстроя)
Магас,Республика Ингушетия,"воздушный грузо-пассажирский, постоянный, многосторонний",IGT,URMS,https://rosgranstroy.ru/checkpoints/172,"Реестр пунктов пропуска ФГКУ Росгранстрой (rosgranstroy.ru/checkpoints), выгрузка 02.10.2026; запись обновлена 2025-04-21",НЕ функционирует (реестр Росгранстроя); нет в 2665-р (2017); нет в перечне Минтранса на 18.12.2020; установлен распоряжением Правительства РФ от 16.12.2021 № 3624-р
Магнитогорск,Челябинская область,"воздушный грузо-пассажирский, постоянный, многосторонний",MQF,USCM,https://rosgranstroy.ru/checkpoints/173,"Реестр пунктов пропуска ФГКУ Росгранстрой (rosgranstroy.ru/checkpoints), выгрузка 02.10.2026; запись обновлена 2026-02-26",функционирует (реестр Росгранстроя)
Махачкала (Уйташ),Республика Дагестан,"воздушный грузо-пассажирский, постоянный, многосторонний",MCX,URML,https://rosgranstroy.ru/checkpoints/185,"Реестр пунктов пропуска ФГКУ Росгранстрой (rosgranstroy.ru/checkpoints), выгрузка 02.10.2026; запись обновлена 2026-02-26",функционирует (реестр Росгранстроя)
Минеральные Воды,Ставропольский край,"воздушный грузо-пассажирский, постоянный, многосторонний",MRV,URMM,https://rosgranstroy.ru/checkpoints/187,"Реестр пунктов пропуска ФГКУ Росгранстрой (rosgranstroy.ru/checkpoints), выгрузка 02.10.2026; запись обновлена 2026-02-25",функционирует (реестр Росгранстроя)
Москва (Внуково),Москва,"воздушный грузо-пассажирский, постоянный, многосторонний",VKO,UUWW,https://rosgranstroy.ru/checkpoints/193,"Реестр пунктов пропуска ФГКУ Росгранстрой (rosgranstroy.ru/checkpoints), выгрузка 02.10.2026; запись обновлена 2026-02-25","функционирует (реестр Росгранстроя); приказ Минтранса от 10.09.2025 № 277 об открытии реконструированного пункта пропуска (Внуково-1, терминал A)"
Москва (Домодедово),Московская область,"воздушный грузо-пассажирский, постоянный, многосторонний",DME,UUDD,https://rosgranstroy.ru/checkpoints/194,"Реестр пунктов пропуска ФГКУ Росгранстрой (rosgranstroy.ru/checkpoints), выгрузка 02.10.2026; запись обновлена 2026-02-25",функционирует (реестр Росгранстроя); приказ Минтранса от 29.05.2023 № 192 об открытии реконструированного пункта пропуска
Москва (Шереметьево),Московская область,"воздушный грузо-пассажирский, постоянный, многосторонний",SVO,UUEE,https://rosgranstroy.ru/checkpoints/195,"Реестр пунктов пропуска ФГКУ Росгранстрой (rosgranstroy.ru/checkpoints), выгрузка 02.10.2026; запись обновлена 2026-02-25",функционирует (реестр Росгранстроя)
Мурманск,Мурманская область,"воздушный грузо-пассажирский, постоянный, многосторонний",MMK,ULMM,https://rosgranstroy.ru/checkpoints/198,"Реестр пунктов пропуска ФГКУ Росгранстрой (rosgranstroy.ru/checkpoints), выгрузка 02.10.2026; запись обновлена 2026-02-25",функционирует (реестр Росгранстроя)
Нальчик,Кабардино-Балкарская Республика,"воздушный грузо-пассажирский, работающий на нерегулярной основе, многосторонний",NAL,URMN,https://rosgranstroy.ru/checkpoints/199,"Реестр пунктов пропуска ФГКУ Росгранстрой (rosgranstroy.ru/checkpoints), выгрузка 02.10.2026; запись обновлена 2026-02-25",функционирует (реестр Росгранстроя)
Нижневартовск,Ханты-Мансийский автономный округ — Югра,"воздушный грузо-пассажирский, постоянный, многосторонний",NJC,USNN,https://rosgranstroy.ru/checkpoints/209,"Реестр пунктов пропуска ФГКУ Росгранстрой (rosgranstroy.ru/checkpoints), выгрузка 02.10.2026; запись обновлена 2026-02-25",функционирует (реестр Росгранстроя)
Нижнекамск (Бегишево),Республика Татарстан (Татарстан),"воздушный грузо-пассажирский, постоянный, многосторонний",NBC,UWKE,https://rosgranstroy.ru/checkpoints/210,"Реестр пунктов пропуска ФГКУ Росгранстрой (rosgranstroy.ru/checkpoints), выгрузка 02.10.2026; запись обновлена 2026-02-25",функционирует (реестр Росгранстроя); приказ Минтранса от 19.08.2026 № 368 об утверждении пределов пункта пропуска
Нижний Новгород (Стригино),Нижегородская область,"воздушный грузо-пассажирский, постоянный, многосторонний",GOJ,UWGG,https://rosgranstroy.ru/checkpoints/214,"Реестр пунктов пропуска ФГКУ Росгранстрой (rosgranstroy.ru/checkpoints), выгрузка 02.10.2026; запись обновлена 2026-02-18",функционирует (реестр Росгранстроя)
Новокузнецк (Спиченково),Кемеровская область,"воздушный пассажирский, работающий на нерегулярной основе, многосторонний",NOZ,UNWW,https://rosgranstroy.ru/checkpoints/219,"Реестр пунктов пропуска ФГКУ Росгранстрой (rosgranstroy.ru/checkpoints), выгрузка 02.10.2026; запись обновлена 2026-02-24",функционирует (реестр Росгранстроя); в реестре Росгранстроя координаты ошибочные
Новосибирск (Толмачево),Новосибирская область,"воздушный грузо-пассажирский, постоянный, многосторонний",OVB,UNNT,https://rosgranstroy.ru/checkpoints/221,"Реестр пунктов пропуска ФГКУ Росгранстрой (rosgranstroy.ru/checkpoints), выгрузка 02.10.2026; запись обновлена 2026-02-18","функционирует (реестр Росгранстроя); приказ Минтранса от 13.02.2024 № 56 об открытии реконструированного пункта пропуска (по rg.ru, текст не открывал)"
Норильск (Алыкель),Красноярский край,"воздушный грузо-пассажирский, работающий на нерегулярной основе, многосторонний",NSK,UOOO,https://rosgranstroy.ru/checkpoints/378,"Реестр пунктов пропуска ФГКУ Росгранстрой (rosgranstroy.ru/checkpoints), выгрузка 02.10.2026; запись обновлена 2023-03-14",НЕ функционирует (реестр Росгранстроя); нет в 2665-р (2017); нет в перечне Минтранса на 18.12.2020; установлен распоряжением Правительства РФ от 28.01.2023 № 169-р
Омск (Центральный),Омская область,"воздушный грузо-пассажирский, постоянный, многосторонний",OMS,UNOO,https://rosgranstroy.ru/checkpoints/232,"Реестр пунктов пропуска ФГКУ Росгранстрой (rosgranstroy.ru/checkpoints), выгрузка 02.10.2026; запись обновлена 2026-02-18",функционирует (реестр Росгранстроя); в реестре Росгранстроя координаты ошибочные
Оренбург (Центральный),Оренбургская область,"воздушный грузо-пассажирский, постоянный, многосторонний",REN,UWOO,https://rosgranstroy.ru/checkpoints/234,"Реестр пунктов пропуска ФГКУ Росгранстрой (rosgranstroy.ru/checkpoints), выгрузка 02.10.2026; запись обновлена 2026-02-18",функционирует (реестр Росгранстроя)
Оренбург-2,Оренбургская область,"воздушный грузо-пассажирский, работающий на нерегулярной основе, многосторонний",,,https://rosgranstroy.ru/checkpoints/235,"Реестр пунктов пропуска ФГКУ Росгранстрой (rosgranstroy.ru/checkpoints), выгрузка 02.10.2026; запись обновлена 2026-02-18","функционирует (реестр Росгранстроя); военный аэродром (в/ч 45097 по перечню Минтранса 2020); IATA/ICAO не сопоставлены; в реестре Росгранстроя координаты Оренбурга-2 и Оренбурга (Центрального), похоже, перепутаны"
Орск,Оренбургская область,"воздушный грузо-пассажирский, работающий на нерегулярной основе, многосторонний",OSW,UWOR,https://rosgranstroy.ru/checkpoints/238,"Реестр пунктов пропуска ФГКУ Росгранстрой (rosgranstroy.ru/checkpoints), выгрузка 02.10.2026; запись обновлена 2026-02-17",функционирует (реестр Росгранстроя)
Остафьево,Московская область,"воздушный грузо-пассажирский, постоянный, многосторонний",,,https://rosgranstroy.ru/checkpoints/239,"Реестр пунктов пропуска ФГКУ Росгранстрой (rosgranstroy.ru/checkpoints), выгрузка 02.10.2026; запись обновлена 2026-02-17","функционирует (реестр Росгранстроя); IATA/ICAO не сопоставлены уверенно (вероятно OSF/UUMO, не проверено)"
Пенза,Пензенская область,"воздушный грузо-пассажирский, работающий на нерегулярной основе, многосторонний",PEZ,UWPP,https://rosgranstroy.ru/checkpoints/penza,"Реестр пунктов пропуска ФГКУ Росгранстрой (rosgranstroy.ru/checkpoints), выгрузка 02.10.2026; запись обновлена 2026-07-14","НЕ функционирует (реестр Росгранстроя); нет в 2665-р (2017); нет в перечне Минтранса на 18.12.2020; установлен распоряжением Правительства РФ от 19.06.2026 № 1528-р (номер по penzanews.ru, текст акта не открывал)"
Пермь (Большое Савино),Пермский край,"воздушный грузо-пассажирский, постоянный, многосторонний",PEE,USPP,https://rosgranstroy.ru/checkpoints/247,"Реестр пунктов пропуска ФГКУ Росгранстрой (rosgranstroy.ru/checkpoints), выгрузка 02.10.2026; запись обновлена 2026-02-18",функционирует (реестр Росгранстроя)
Петрозаводск (Бесовец),Республика Карелия,"воздушный грузо-пассажирский, работающий на нерегулярной основе, многосторонний",PES,ULPB,https://rosgranstroy.ru/checkpoints/248,"Реестр пунктов пропуска ФГКУ Росгранстрой (rosgranstroy.ru/checkpoints), выгрузка 02.10.2026; запись обновлена 2026-02-16",функционирует (реестр Росгранстроя)
Петропавловск-Камчатский (Елизово),Камчатский край,"воздушный грузо-пассажирский, постоянный, многосторонний",PKC,UHPP,https://rosgranstroy.ru/checkpoints/250,"Реестр пунктов пропуска ФГКУ Росгранстрой (rosgranstroy.ru/checkpoints), выгрузка 02.10.2026; запись обновлена 2026-02-16",функционирует (реестр Росгранстроя)
Провидения Бухта,Чукотский автономный округ,"воздушный грузо-пассажирский, работающий на нерегулярной основе, многосторонний",PVS,UHMD,https://rosgranstroy.ru/checkpoints/269,"Реестр пунктов пропуска ФГКУ Росгранстрой (rosgranstroy.ru/checkpoints), выгрузка 02.10.2026; запись обновлена 2026-02-16",функционирует (реестр Росгранстроя)
Псков (Кресты),Псковская область,"воздушный грузо-пассажирский, работающий на нерегулярной основе, многосторонний",PKV,ULOO,https://rosgranstroy.ru/checkpoints/271,"Реестр пунктов пропуска ФГКУ Росгранстрой (rosgranstroy.ru/checkpoints), выгрузка 02.10.2026; запись обновлена 2026-02-16",функционирует (реестр Росгранстроя)
Ростов (Центральный),Ростовская область,"воздушный грузо-пассажирский, постоянный, многосторонний",,,https://rosgranstroy.ru/checkpoints/276,"Реестр пунктов пропуска ФГКУ Росгранстрой (rosgranstroy.ru/checkpoints), выгрузка 02.10.2026; запись обновлена 2026-02-16",функционирует (реестр Росгранстроя); аэродром Минобороны (по перечню Минтранса 2020); IATA/ICAO не сопоставлены
Ростов-на-Дону (Платов),Ростовская область,"воздушный грузо-пассажирский, постоянный, многосторонний",ROV,URRP,https://rosgranstroy.ru/checkpoints/278,"Реестр пунктов пропуска ФГКУ Росгранстрой (rosgranstroy.ru/checkpoints), выгрузка 02.10.2026; запись обновлена 2026-02-16",функционирует (реестр Росгранстроя); в 2665-р (2017) значится как «Ростов-на-Дону»
Сабетта,Ямало-Ненецкий автономный округ,"воздушный грузо-пассажирский, работающий на нерегулярной основе, многосторонний",SBT,USDA,https://rosgranstroy.ru/checkpoints/280,"Реестр пунктов пропуска ФГКУ Росгранстрой (rosgranstroy.ru/checkpoints), выгрузка 02.10.2026; запись обновлена 2026-02-16",функционирует (реестр Росгранстроя)
Самара (Курумоч),Самарская область,"воздушный грузо-пассажирский, постоянный, многосторонний",KUF,UWWW,https://rosgranstroy.ru/checkpoints/284,"Реестр пунктов пропуска ФГКУ Росгранстрой (rosgranstroy.ru/checkpoints), выгрузка 02.10.2026; запись обновлена 2026-02-16",функционирует (реестр Росгранстроя)
Санкт-Петербург (Пулково),Санкт-Петербург,"воздушный грузо-пассажирский, постоянный, многосторонний",LED,ULLI,https://rosgranstroy.ru/checkpoints/286,"Реестр пунктов пропуска ФГКУ Росгранстрой (rosgranstroy.ru/checkpoints), выгрузка 02.10.2026; запись обновлена 2026-02-16",функционирует (реестр Росгранстроя)
Саранск,Республика Мордовия,"воздушный грузо-пассажирский, постоянный, многосторонний",SKX,UWPS,https://rosgranstroy.ru/checkpoints/287,"Реестр пунктов пропуска ФГКУ Росгранстрой (rosgranstroy.ru/checkpoints), выгрузка 02.10.2026; запись обновлена 2026-02-16","функционирует (реестр Росгранстроя); в 2665-р (2017): грузо-пассажирский, временный, работающий на нерегулярной основе, многосторонний; в перечне Минтранса на 18.12.2020: грузопассажирский работающий на нерегулярной основе многосторонний; в перечне Минтранса на 18.12.2020: не функционирует"
Саратов (Гагарин),Саратовская область,"воздушный грузо-пассажирский, постоянный, многосторонний",GSV,UWSG,https://rosgranstroy.ru/checkpoints/288,"Реестр пунктов пропуска ФГКУ Росгранстрой (rosgranstroy.ru/checkpoints), выгрузка 02.10.2026; запись обновлена 2026-02-16",функционирует (реестр Росгранстроя); в 2665-р (2017) значится как «Саратов (Центральный)»; коды нового аэропорта Гагарин; координаты в реестре Росгранстроя указывают на старый аэропорт
Симферополь,Республика Крым,"воздушный грузо-пассажирский, постоянный, многосторонний",SIP,UKFF,https://rosgranstroy.ru/checkpoints/295,"Реестр пунктов пропуска ФГКУ Росгранстрой (rosgranstroy.ru/checkpoints), выгрузка 02.10.2026; запись обновлена 2026-02-16","функционирует (реестр Росгранстроя); реконструированный пункт пропуска открыт приказом Минтранса от 13.02.2024 № 54; ICAO по ИКАО UKFF, в российских сборниках URFF"
Сочи,Краснодарский край,"воздушный грузо-пассажирский, постоянный, многосторонний",AER,URSS,https://rosgranstroy.ru/checkpoints/305,"Реестр пунктов пропуска ФГКУ Росгранстрой (rosgranstroy.ru/checkpoints), выгрузка 02.10.2026; запись обновлена 2026-02-16",функционирует (реестр Росгранстроя)
Ставрополь (Шпаковское),Ставропольский край,"воздушный грузо-пассажирский, работающий на нерегулярной основе, многосторонний",STW,URMT,https://rosgranstroy.ru/checkpoints/306,"Реестр пунктов пропуска ФГКУ Росгранстрой (rosgranstroy.ru/checkpoints), выгрузка 02.10.2026; запись обновлена 2025-07-23",НЕ функционирует (реестр Росгранстроя)
Сургут,Ханты-Мансийский автономный округ — Югра,"воздушный грузо-пассажирский, постоянный, многосторонний",SGC,USRR,https://rosgranstroy.ru/checkpoints/312,"Реестр пунктов пропуска ФГКУ Росгранстрой (rosgranstroy.ru/checkpoints), выгрузка 02.10.2026; запись обновлена 2026-02-16",функционирует (реестр Росгранстроя)
Сыктывкар,Республика Коми,"воздушный грузо-пассажирский, постоянный, многосторонний",SCW,UUYY,https://rosgranstroy.ru/checkpoints/313,"Реестр пунктов пропуска ФГКУ Росгранстрой (rosgranstroy.ru/checkpoints), выгрузка 02.10.2026; запись обновлена 2026-02-16",функционирует (реестр Росгранстроя)
Таганрог (Южный),Ростовская область,"воздушный грузовой, работающий на нерегулярной основе, многосторонний",TGK,,https://rosgranstroy.ru/checkpoints/316,"Реестр пунктов пропуска ФГКУ Росгранстрой (rosgranstroy.ru/checkpoints), выгрузка 02.10.2026; запись обновлена 2026-02-16","функционирует (реестр Росгранстроя); ICAO не установлен уверенно (URRT по ряду справочников, XRRT в OurAirports)"
Тверь (Мигалово),Тверская область,"воздушный грузо-пассажирский, работающий на нерегулярной основе, многосторонний",KLD,UUEM,https://rosgranstroy.ru/checkpoints/320,"Реестр пунктов пропуска ФГКУ Росгранстрой (rosgranstroy.ru/checkpoints), выгрузка 02.10.2026; запись обновлена 2026-02-16",функционирует (реестр Росгранстроя)
Тобольск (Ремезов),Тюменская область,"воздушный грузо-пассажирский, работающий на нерегулярной основе, многосторонний",RMZ,USTJ,https://rosgranstroy.ru/checkpoints/379,"Реестр пунктов пропуска ФГКУ Росгранстрой (rosgranstroy.ru/checkpoints), выгрузка 02.10.2026; запись обновлена 2026-03-26","функционирует (реестр Росгранстроя); нет в 2665-р (2017); нет в перечне Минтранса на 18.12.2020; установлен распоряжением Правительства РФ от 04.02.2023 № 244-р; коды нового аэропорта Ремезов (RMZ/USTJ), не старого TOX"
Томск (Богашево),Томская область,"воздушный грузо-пассажирский, временный, многосторонний",TOF,UNTT,https://rosgranstroy.ru/checkpoints/328,"Реестр пунктов пропуска ФГКУ Росгранстрой (rosgranstroy.ru/checkpoints), выгрузка 02.10.2026; запись обновлена 2026-02-16",функционирует (реестр Росгранстроя)
Тюмень (Рощино),Тюменская область,"воздушный грузо-пассажирский, постоянный, многосторонний",TJM,USTR,https://rosgranstroy.ru/checkpoints/336,"Реестр пунктов пропуска ФГКУ Росгранстрой (rosgranstroy.ru/checkpoints), выгрузка 02.10.2026; запись обновлена 2026-02-16",функционирует (реестр Росгранстроя); приказ Минтранса от 04.03.2026 № 88 об открытии пункта пропуска в рамках I этапа (в силе с 13.04.2026)
Улан-Удэ (Мухино),Республика Бурятия,"воздушный грузо-пассажирский, постоянный, многосторонний",UUD,UIUU,https://rosgranstroy.ru/checkpoints/340,"Реестр пунктов пропуска ФГКУ Росгранстрой (rosgranstroy.ru/checkpoints), выгрузка 02.10.2026; запись обновлена 2026-02-16",функционирует (реестр Росгранстроя)
Ульяновск (Баратаевка),Ульяновская область,"воздушный пассажирский, работающий на нерегулярной основе, многосторонний",ULV,UWLL,https://rosgranstroy.ru/checkpoints/341,"Реестр пунктов пропуска ФГКУ Росгранстрой (rosgranstroy.ru/checkpoints), выгрузка 02.10.2026; запись обновлена 2026-02-16",функционирует (реестр Росгранстроя)
Ульяновск (Восточный),Ульяновская область,"воздушный грузо-пассажирский, постоянный, многосторонний",ULY,UWLW,https://rosgranstroy.ru/checkpoints/342,"Реестр пунктов пропуска ФГКУ Росгранстрой (rosgranstroy.ru/checkpoints), выгрузка 02.10.2026; запись обновлена 2026-02-16",функционирует (реестр Росгранстроя)
Уфа,Республика Башкортостан,"воздушный грузо-пассажирский, постоянный, многосторонний",UFA,UWUU,https://rosgranstroy.ru/checkpoints/345,"Реестр пунктов пропуска ФГКУ Росгранстрой (rosgranstroy.ru/checkpoints), выгрузка 02.10.2026; запись обновлена 2026-02-16",функционирует (реестр Росгранстроя); в реестре Росгранстроя координаты смещены
Хабаровск (Новый),Хабаровский край,"воздушный грузо-пассажирский, постоянный, многосторонний",KHV,UHHH,https://rosgranstroy.ru/checkpoints/350,"Реестр пунктов пропуска ФГКУ Росгранстрой (rosgranstroy.ru/checkpoints), выгрузка 02.10.2026; запись обновлена 2026-02-16",функционирует (реестр Росгранстроя)
Ханты-Мансийск,Ханты-Мансийский автономный округ — Югра,"воздушный грузо-пассажирский, постоянный, многосторонний",HMA,USHH,https://rosgranstroy.ru/checkpoints/352,"Реестр пунктов пропуска ФГКУ Росгранстрой (rosgranstroy.ru/checkpoints), выгрузка 02.10.2026; запись обновлена 2026-02-16",функционирует (реестр Росгранстроя)
Чебоксары,Чувашская Республика — Чувашия,"воздушный грузо-пассажирский, постоянный, многосторонний",CSY,UWKS,https://rosgranstroy.ru/checkpoints/356,"Реестр пунктов пропуска ФГКУ Росгранстрой (rosgranstroy.ru/checkpoints), выгрузка 02.10.2026; запись обновлена 2026-02-16",функционирует (реестр Росгранстроя)
Челябинск (Баландино),Челябинская область,"воздушный грузо-пассажирский, постоянный, многосторонний",CEK,USCC,https://rosgranstroy.ru/checkpoints/357,"Реестр пунктов пропуска ФГКУ Росгранстрой (rosgranstroy.ru/checkpoints), выгрузка 02.10.2026; запись обновлена 2026-02-16",функционирует (реестр Росгранстроя)
Череповец,Вологодская область,"воздушный пассажирский, работающий на нерегулярной основе, многосторонний",CEE,ULWC,https://rosgranstroy.ru/checkpoints/358,"Реестр пунктов пропуска ФГКУ Росгранстрой (rosgranstroy.ru/checkpoints), выгрузка 02.10.2026; запись обновлена 2026-02-16",функционирует (реестр Росгранстроя)
Чита (Кадала),Забайкальский край,"воздушный грузо-пассажирский, постоянный, многосторонний",HTA,UIAA,https://rosgranstroy.ru/checkpoints/364,"Реестр пунктов пропуска ФГКУ Росгранстрой (rosgranstroy.ru/checkpoints), выгрузка 02.10.2026; запись обновлена 2026-02-16",функционирует (реестр Росгранстроя)
Чкаловский,Московская область,"воздушный грузо-пассажирский, работающий на нерегулярной основе, многосторонний",CKL,UUMU,https://rosgranstroy.ru/checkpoints/365,"Реестр пунктов пропуска ФГКУ Росгранстрой (rosgranstroy.ru/checkpoints), выгрузка 02.10.2026; запись обновлена 2026-02-16",функционирует (реестр Росгранстроя)
Элиста,Республика Калмыкия,"воздушный грузо-пассажирский, работающий на нерегулярной основе, многосторонний",ESL,URWI,https://rosgranstroy.ru/checkpoints/370,"Реестр пунктов пропуска ФГКУ Росгранстрой (rosgranstroy.ru/checkpoints), выгрузка 02.10.2026; запись обновлена 2023-02-28",функционирует (реестр Росгранстроя)
Южно-Сахалинск (Хомутово),Сахалинская область,"воздушный грузо-пассажирский, постоянный, многосторонний",UUS,UHSS,https://rosgranstroy.ru/checkpoints/373,"Реестр пунктов пропуска ФГКУ Росгранстрой (rosgranstroy.ru/checkpoints), выгрузка 02.10.2026; запись обновлена 2023-02-28",функционирует (реестр Росгранстроя)
Якутск,Республика Саха (Якутия),"воздушный грузо-пассажирский, постоянный, многосторонний",YKS,UEEE,https://rosgranstroy.ru/checkpoints/374,"Реестр пунктов пропуска ФГКУ Росгранстрой (rosgranstroy.ru/checkpoints), выгрузка 02.10.2026; запись обновлена 2026-02-16",функционирует (реестр Росгранстроя)
Ярославль (Туношна),Ярославская область,"воздушный грузо-пассажирский, работающий на нерегулярной основе, многосторонний",IAR,UUDL,https://rosgranstroy.ru/checkpoints/377,"Реестр пунктов пропуска ФГКУ Росгранстрой (rosgranstroy.ru/checkpoints), выгрузка 02.10.2026; запись обновлена 2026-02-16",функционирует (реестр Росгранстроя)
