iata,name_ru,city_ru,region_ru,timezone,closed_by_restrictions
AAQ,Витязево,Анапа,Краснодарский край,Europe/Moscow,yes
ABA,Абакан,Абакан,Республика Хакасия,Asia/Krasnoyarsk,no
AER,Сочи,Сочи,Краснодарский край,Europe/Moscow,no
ARH,Талаги,Архангельск,Архангельская область,Europe/Moscow,no
ASF,Нариманово,Астрахань,Астраханская область,Europe/Astrakhan,no
BAX,Барнаул,Барнаул,Алтайский край,Asia/Barnaul,no
BQS,Игнатьево,Благовещенск,Амурская область,Asia/Yakutsk,no
BTK,Братск,Братск,Иркутская область,Asia/Irkutsk,no
BVJ,Бованенково,Бованенково,Ямало-Ненецкий АО,Asia/Yekaterinburg,no
BZK,Брянск,Брянск,Брянская область,Europe/Moscow,yes
CEE,Череповец,Череповец,Вологодская область,Europe/Moscow,no
CEK,Баландино,Челябинск,Челябинская область,Asia/Yekaterinburg,no
CSY,Чебоксары,Чебоксары,Чувашская Республика,Europe/Moscow,no
DHG,Дальнегорск,Дальнегорск,Приморский край,,no
DME,Домодедово,Москва,Москва,Europe/Moscow,no
DYR,Угольный,Анадырь,Чукотский АО,Asia/Anadyr,no
EGO,Белгород,Белгород,Белгородская область,Europe/Moscow,yes
ESL,Элиста,Элиста,Республика Калмыкия,Europe/Moscow,no
EYK,Белоярский,Белоярский,Ханты-Мансийский АО,,no
GDX,Сокол,Магадан,Магаданская область,Asia/Magadan,no
GDZ,Геленджик,Геленджик,Краснодарский край,Europe/Moscow,no
GOJ,Стригино,Нижний Новгород,Нижегородская область,Europe/Moscow,no
GRV,Грозный,Грозный,Чеченская Республика,Europe/Moscow,no
GSV,Гагарин,Саратов,Саратовская область,Europe/Saratov,no
HMA,Ханты-Мансийск,Ханты-Мансийск,Ханты-Мансийский АО,Asia/Yekaterinburg,no
HTA,Кадала,Чита,Забайкальский край,Asia/Chita,no
IAA,Игарка,Игарка,Красноярский край,,no
IAR,Туношна,Ярославль,Ярославская область,Europe/Moscow,no
IGT,Магас,Магас,Республика Ингушетия,Europe/Moscow,no
IJK,Ижевск,Ижевск,Удмуртская Республика,Europe/Samara,no
IKT,Иркутск,Иркутск,Иркутская область,Asia/Irkutsk,no
IRM,Игрим,Игрим,Ханты-Мансийский АО,Asia/Yekaterinburg,no
ITU,Курильск,Курильск,Сахалинская область,,no
IWA,Южный,Иваново,Ивановская область,Europe/Moscow,no
JOK,Йошкар-Ола,Йошкар-Ола,Республика Марий Эл,Europe/Moscow,no
KEJ,Кемерово,Кемерово,Кемеровская область,Asia/Novokuznetsk,no
KGD,Храброво,Калининград,Калининградская область,Europe/Kaliningrad,no
KGP,Когалым,Когалым,Ханты-Мансийский АО,Asia/Yekaterinburg,no
KHV,Новый,Хабаровск,Хабаровский край,Asia/Vladivostok,no
KJA,Емельяново,Красноярск,Красноярский край,Asia/Krasnoyarsk,no
KLF,Грабцево,Калуга,Калужская область,Europe/Moscow,no
KMW,Кострома,Кострома,Костромская область,,no
KRO,Курган,Курган,Курганская область,Asia/Yekaterinburg,no
KRR,Пашковский,Краснодар,Краснодарский край,Europe/Moscow,no
KSZ,Котлас,Котлас,Архангельская область,,no
KUF,Курумоч,Самара,Самарская область,Europe/Samara,no
KVK,Апатиты,Апатиты,Мурманская область,,no
KVX,Победилово,Киров,Кировская область,Europe/Moscow,no
KXD,Кондинское,Кондинское,Ханты-Мансийский АО,,no
KYZ,Кызыл,Кызыл,Республика Тыва,Asia/Krasnoyarsk,no
KZN,Казань,Казань,Республика Татарстан,Europe/Moscow,no
LED,Пулково,Санкт-Петербург,Санкт-Петербург,Europe/Moscow,no
LPK,Липецк,Липецк,Липецкая область,Europe/Moscow,yes
MCX,Уйташ,Махачкала,Республика Дагестан,Europe/Moscow,no
MJZ,Мирный,Мирный,Республика Саха (Якутия),,no
MMK,Мурмаши,Мурманск,Мурманская область,Europe/Moscow,no
MQF,Магнитогорск,Магнитогорск,Челябинская область,Asia/Yekaterinburg,no
MRV,Минеральные Воды,Минеральные Воды,Ставропольский край,Europe/Moscow,no
NAL,Нальчик,Нальчик,Кабардино-Балкарская Республика,Europe/Moscow,no
NBC,Бегишево,Нижнекамск,Республика Татарстан,Europe/Moscow,no
NEI,Терней,Терней,Приморский край,,no
NJC,Нижневартовск,Нижневартовск,Ханты-Мансийский АО,Asia/Yekaterinburg,no
NNM,Нарьян-Мар,Нарьян-Мар,Ненецкий АО,Europe/Moscow,no
NOJ,Ноябрьск,Ноябрьск,Ямало-Ненецкий АО,Asia/Yekaterinburg,no
NOZ,Спиченково,Новокузнецк,Кемеровская область,Asia/Novokuznetsk,no
NSK,Алыкель,Норильск,Красноярский край,Asia/Krasnoyarsk,no
NUX,Новый Уренгой,Новый Уренгой,Ямало-Ненецкий АО,Asia/Yekaterinburg,no
NYA,Нягань,Нягань,Ханты-Мансийский АО,Asia/Yekaterinburg,no
NYM,Надым,Надым,Ямало-Ненецкий АО,Asia/Yekaterinburg,no
OGZ,Беслан,Владикавказ,Республика Северная Осетия,Europe/Moscow,no
OMS,Центральный,Омск,Омская область,Asia/Omsk,no
OSW,Орск,Орск,Оренбургская область,Asia/Yekaterinburg,no
OVB,Толмачёво,Новосибирск,Новосибирская область,Asia/Novosibirsk,no
OVS,Советский,Советский,Ханты-Мансийский АО,Asia/Yekaterinburg,no
PEE,Большое Савино,Пермь,Пермский край,Asia/Yekaterinburg,no
PES,Бесовец,Петрозаводск,Республика Карелия,Europe/Moscow,no
PEZ,Пенза,Пенза,Пензенская область,Europe/Moscow,no
PKC,Елизово,Петропавловск-Камчатский,Камчатский край,Asia/Kamchatka,no
PKV,Псков,Псков,Псковская область,Europe/Moscow,no
PWE,Певек,Певек,Чукотский АО,,no
REN,Оренбург,Оренбург,Оренбургская область,Asia/Yekaterinburg,no
RGK,Горно-Алтайск,Горно-Алтайск,Республика Алтай,Asia/Barnaul,no
RMZ,Тобольск,Тобольск,Тюменская область,,no
ROV,Платов,Ростов-на-Дону,Ростовская область,Europe/Moscow,yes
RZH,Преображение,Преображение,Приморский край,,no
SBT,Сабетта,Сабетта,Ямало-Ненецкий АО,,no
SCW,Сыктывкар,Сыктывкар,Республика Коми,Europe/Moscow,no
SGC,Сургут,Сургут,Ханты-Мансийский АО,Asia/Yekaterinburg,no
SIP,Симферополь,Симферополь,Республика Крым,Europe/Simferopol,yes
SKX,Саранск,Саранск,Республика Мордовия,Europe/Moscow,no
SLY,Салехард,Салехард,Ямало-Ненецкий АО,Asia/Yekaterinburg,no
STW,Шпаковское,Ставрополь,Ставропольский край,Europe/Moscow,no
SVO,Шереметьево,Москва,Москва,Europe/Moscow,no
SVX,Кольцово,Екатеринбург,Свердловская область,Asia/Yekaterinburg,no
TBW,Донское,Тамбов,Тамбовская область,Europe/Moscow,no
TJM,Рощино,Тюмень,Тюменская область,Asia/Yekaterinburg,no
TLK,Талакан,Талакан,Республика Саха (Якутия),,no
TOF,Богашёво,Томск,Томская область,Asia/Tomsk,no
TOX,Тобольск,Тобольск,Тюменская область,Asia/Yekaterinburg,no
UCT,Ухта,Ухта,Республика Коми,Europe/Moscow,no
UEN,Уренгой,Уренгой,Ямало-Ненецкий АО,,no
UFA,Уфа,Уфа,Республика Башкортостан,Asia/Yekaterinburg,no
ULV,Баратаевка,Ульяновск,Ульяновская область,Europe/Ulyanovsk,no
URJ,Урай,Урай,Ханты-Мансийский АО,Asia/Yekaterinburg,no
URS,Восточный,Курск,Курская область,Europe/Moscow,yes
USK,Усинск,Усинск,Республика Коми,Europe/Moscow,no
UUA,Бугульма,Бугульма,Республика Татарстан,Europe/Moscow,no
UUD,Байкал,Улан-Удэ,Республика Бурятия,Asia/Irkutsk,no
UUS,Южно-Сахалинск,Южно-Сахалинск,Сахалинская область,Asia/Sakhalin,no
VGD,Вологда,Вологда,Вологодская область,,no
VKO,Внуково,Москва,Москва,Europe/Moscow,no
VOG,Гумрак,Волгоград,Волгоградская область,Europe/Volgograd,no
VOZ,Чертовицкое,Воронеж,Воронежская область,Europe/Moscow,yes
VVO,Кневичи,Владивосток,Приморский край,Asia/Vladivostok,no
YKS,Якутск,Якутск,Республика Саха (Якутия),Asia/Yakutsk,no
ZIA,Жуковский,Жуковский,Московская область,Europe/Moscow,no
