code,field,value,reason
BCX,name_ru,Белорецк,нет русского названия в источниках
EDN,name_ru,Единка,нет русского названия в источниках
EIK,name_ru,Ейск,нет русского названия в источниках
LNX,name_ru,Смоленск-Северный,"LNX: код перешёл к действующему аэродрому Смоленск-Северный (OurAirports), Wikidata отстаёт"
UEKU,name_ru,Кутана,нет русского названия в источниках
UWOH,name_ru,Кваркено,нет русского названия в источниках
UWOS,name_ru,Светлый,нет русского названия в источниках
ACS,city_ru,Ачинск,нет русского названия населённого пункта в источниках
AEM,city_ru,Амгу,нет русского названия населённого пункта в источниках
BCX,city_ru,Белорецк,нет русского названия населённого пункта в источниках
BGS,city_ru,Богучаны,нет русского названия населённого пункта в источниках
BQG,city_ru,Богородское,нет русского названия населённого пункта в источниках
BWO,city_ru,Балаково,нет русского названия населённого пункта в источниках
CSH,city_ru,Соловецкий,нет русского названия населённого пункта в источниках
CZR,city_ru,Чара,нет русского названия населённого пункта в источниках
DKS,city_ru,Диксон,нет русского названия населённого пункта в источниках
EDN,city_ru,Единка,нет русского названия населённого пункта в источниках
EKS,city_ru,Шахтёрск,нет русского названия населённого пункта в источниках
ERG,city_ru,Ербогачён,нет русского названия населённого пункта в источниках
ETL,city_ru,Светлая,нет русского названия населённого пункта в источниках
EYA,city_ru,Зея,нет русского названия населённого пункта в источниках
EZV,city_ru,Берёзово,нет русского названия населённого пункта в источниках
GOY,city_ru,Тура,нет русского названия населённого пункта в источниках
GVN,city_ru,Советская Гавань,нет русского названия населённого пункта в источниках
GYG,city_ru,Маган,нет русского названия населённого пункта в источниках
HTG,city_ru,Хатанга,нет русского названия населённого пункта в источниках
INA,city_ru,Инта,нет русского названия населённого пункта в источниках
KCK,city_ru,Киренск,нет русского названия населённого пункта в источниках
KCY,city_ru,Красноярск,нет русского названия населённого пункта в источниках
KKQ,city_ru,Красноселькуп,нет русского названия населённого пункта в источниках
KNY,city_ru,Кодинск,нет русского названия населённого пункта в источниках
KVR,city_ru,Кавалерово,нет русского названия населённого пункта в источниках
LDG,city_ru,Лешуконское,нет русского названия населённого пункта в источниках
MJY,city_ru,Мотыгино,нет русского названия населённого пункта в источниках
NFG,city_ru,Нефтеюганск,нет русского названия населённого пункта в источниках
NZG,city_ru,Нижнеангарск,нет русского названия населённого пункта в источниках
OHH,city_ru,Оха,нет русского названия населённого пункта в источниках
SUY,city_ru,Сунтар,нет русского названия населённого пункта в источниках
SWT,city_ru,Стрежевой,нет русского названия населённого пункта в источниках
TKM,city_ru,Таксимо,нет русского названия населённого пункта в источниках
TLY,city_ru,Пластун,нет русского названия населённого пункта в источниках
TQL,city_ru,Тарко-Сале,нет русского названия населённого пункта в источниках
UEKU,city_ru,Кутана,нет русского названия населённого пункта в источниках
UHHO,city_ru,Троицкое,нет русского названия населённого пункта в источниках
UHMG,city_ru,Чайбуха,нет русского названия населённого пункта в источниках
UHMH,city_ru,Сусуман,нет русского названия населённого пункта в источниках
UHMI,city_ru,Мыс Шмидта,нет русского названия населённого пункта в источниках
UHML,city_ru,Лаврентия,нет русского названия населённого пункта в источниках
UHMN,city_ru,Омолон,нет русского названия населённого пункта в источниках
UHMR,city_ru,Беринговский,нет русского названия населённого пункта в источниках
UHMS,city_ru,Сеймчан,нет русского названия населённого пункта в источниках
UHPA,city_ru,Усть-Пахачи,нет русского названия населённого пункта в источниках
UHPD,city_ru,Оссора,нет русского названия населённого пункта в источниках
UHPM,city_ru,Мильково,нет русского названия населённого пункта в источниках
UHS,city_ru,Александровск-Сахалинский,нет русского названия населённого пункта в источниках
UIK,city_ru,Усть-Илимск,нет русского названия населённого пункта в источниках
ULER,city_ru,Харута,нет русского названия населённого пункта в источниках
ULPP,city_ru,Петрозаводск,нет русского названия населённого пункта в источниках
ULSY,city_ru,Гатчина,нет русского названия населённого пункта в источниках
ULWK,city_ru,Кичменгский Городок,нет русского названия населённого пункта в источниках
UNAU,city_ru,Шушенское,нет русского названия населённого пункта в источниках
USDO,city_ru,Толька,нет русского названия населённого пункта в источниках
USHL,city_ru,Луговой,нет русского названия населённого пункта в источниках
UUBQ,city_ru,Шарья,нет русского названия населённого пункта в источниках
UWOH,city_ru,Кваркено,нет русского названия населённого пункта в источниках
UWOS,city_ru,Светлый,нет русского названия населённого пункта в источниках
VAQ,city_ru,Ванавара,нет русского названия населённого пункта в источниках
VEO,city_ru,Северо-Енисейский,нет русского названия населённого пункта в источниках
VLU,city_ru,Великие Луки,нет русского названия населённого пункта в источниках
VRI,city_ru,Варандей,нет русского названия населённого пункта в источниках
YAE,city_ru,Ярцево,нет русского названия населённого пункта в источниках
YMK,city_ru,Мыс Каменный,нет русского названия населённого пункта в источниках
ZZO,city_ru,Тымовское,нет русского названия населённого пункта в источниках
EYK,city_en,Beloyarsky,пустой municipality в OurAirports
EZV,city_en,Berezovo,пустой municipality в OurAirports
KNY,city_en,Kodinsk,пустой municipality в OurAirports
UEKU,city_en,Kutana,пустой municipality в OurAirports
UWOS,city_en,Svetly,пустой municipality в OurAirports
