iata,icao,name_ru,name_en,city_ru,city_en,region_ru,region_iso,latitude,longitude,elevation_m,timezone,size,scheduled_service,international,border_checkpoint,border_checkpoint_active,terminals,website,wikidata,ourairports_id,flight_delayed_url
AAQ,URKA,Витязево,Anapa Vityazevo Airport,Анапа,Krasnyi Kurgan,Краснодарский край,RU-KDA,45.002102,37.347301,53,Europe/Moscow,medium,false,true,Анапа (Витязево),true,,https://aaq.aero/,Q1430805,6511,https://flight-delayed.ru/airports/aaq
ABA,UNAA,Абакан,Abakan International Airport,Абакан,Abakan,Республика Хакасия,RU-KK,53.740002,91.385002,253,Asia/Krasnoyarsk,large,true,true,Абакан,true,,http://www.abakan.aero,Q558204,6503,https://flight-delayed.ru/airports/aba
ACS,UNKS,Ачинск,Achinsk Airport,Ачинск,Achinsk,Красноярский край,RU-KYA,56.269185,90.57511,315,Asia/Krasnoyarsk,medium,false,false,,,,,Q2271615,30616,
ADH,UEEA,Алдан,Aldan Airport,Алдан,Aldan,Республика Саха (Якутия),RU-SA,58.602798,125.408997,683,Asia/Yakutsk,small,false,false,,,,http://www.aerosever.ru,Q631156,30617,
AEM,UHTG,Амгу,Amgu Airport,Амгу,Amgu,Приморский край,RU-PRI,45.84126,137.673568,3,Asia/Vladivostok,small,false,false,,,,,Q112478027,326733,
AER,URSS,Сочи,Sochi International Airport,Сочи,Sochi,Краснодарский край,RU-KDA,43.449902,39.9566,27,Europe/Moscow,large,true,true,Сочи,true,2,https://aer.aero/,Q1138408,6519,https://flight-delayed.ru/airports/aer
AMV,ULDD,Амдерма,Amderma Airport,Амдерма,Amderma,Ненецкий АО,RU-NEN,69.763712,61.556711,4,Europe/Moscow,medium,true,false,,,,http://amderma-air.ru,Q2025626,30643,
ARH,ULAA,Талаги,Talagi Airport,Архангельск,Archangelsk,Архангельская область,RU-ARK,64.600304,40.716702,19,Europe/Moscow,medium,true,true,Архангельск (Талаги),true,3,https://arh.aero,Q1433005,6488,https://flight-delayed.ru/airports/arh
ASF,URWA,Нариманово,Astrakhan Narimanovo Boris M. Kustodiev International Airport,Астрахань,Astrakhan,Астраханская область,RU-AST,46.282843,48.010511,-20,Europe/Astrakhan,large,true,true,Астрахань (Нариманово),true,2,https://airportastrakhan.ru/,Q2310593,6520,https://flight-delayed.ru/airports/asf
BAX,UNBB,Барнаул,Barnaul Gherman Titov International Airport,Барнаул,Barnaul,Алтайский край,RU-ALT,53.361285,83.539701,255,Asia/Barnaul,large,true,true,Барнаул,true,1,https://airaltay.ru/,Q1858312,6504,https://flight-delayed.ru/airports/bax
BCX,UWUB,Белорецк,Beloretsk Airport,Белорецк,Beloretsk,Республика Башкортостан,RU-BA,53.938389,58.340113,557,Asia/Yekaterinburg,small,false,false,,,,,,30690,
BGN,UESG,Белая Гора,Belaya Gora Airport,Белая Гора,Belaya Gora,Республика Саха (Якутия),RU-SA,68.556227,146.22784,36,Asia/Srednekolymsk,medium,false,false,,,,,Q4081610,43667,
BGS,UNKB,Богучаны,Boguchany Airport,Богучаны,Boguchany,Красноярский край,RU-KYA,58.380615,97.472336,136,Asia/Krasnoyarsk,small,false,false,,,,,Q4937795,42952,
BKA,UNIB,Байкит,Baykit Airport,Байкит,Baykit,Красноярский край,RU-KYA,61.676701,96.355003,260,Asia/Krasnoyarsk,medium,false,false,,,,https://ak-krasavia.ru/about/filials/baikitskii/,Q2125202,42951,
BQG,UHNB,Богородское,Bogorodskoye Airport,Богородское,Bogorodskoye,Хабаровский край,RU-KHA,52.381041,140.449378,46,Asia/Vladivostok,small,true,false,,,,http://www.apdv.net,Q17333365,45189,
BQJ,UEBB,Батагай,Batagay Airport,Батагай,Batagay,Республика Саха (Якутия),RU-SA,67.648003,134.695007,212,Asia/Vladivostok,small,true,false,,,,,Q4079251,32507,
BQS,UHBB,Игнатьево,Ignatyevo Airport,Благовещенск,Blagoveschensk,Амурская область,RU-AMU,50.426723,127.415502,194,Asia/Yakutsk,medium,true,true,Благовещенск,true,1,https://ar-bqs.ru/,Q267645,6454,https://flight-delayed.ru/airports/bqs
BTK,UIBB,Братск,Bratsk Airport,Братск,Bratsk,Иркутская область,RU-IRK,56.3696,101.701822,491,Asia/Irkutsk,medium,true,true,Братск,true,,http://www.aerobratsk.narod.ru,Q2310549,6464,https://flight-delayed.ru/airports/btk
BVJ,USDB,Бованенково,Bovanenkovo Airport,Бованенково,Bovanenkovo,Ямало-Ненецкий АО,RU-YAN,70.315278,68.333611,7,Asia/Yekaterinburg,medium,true,false,,,,https://avia.gazprom.com/about/airports/bovanenkovo/,Q21636179,343470,https://flight-delayed.ru/airports/bvj
BVV,UHSB,Буревестник,Burevestnik Airport,Курильск,Kurilsk,Сахалинская область,RU-SAK,44.919998,147.621994,24,Asia/Magadan,small,false,false,,,,,Q3813687,34959,
BWO,UWSB,Балаково,Balakovo Airport,Балаково,Balakovo,Саратовская область,RU-SAR,51.858299,47.745602,29,Europe/Saratov,medium,true,false,,,,,Q1430922,30804,
BZK,UUBP,Брянск,Bryansk International Airport,Брянск,Bryansk,Брянская область,RU-BRY,53.214403,34.175965,202,Europe/Moscow,medium,false,true,Брянск,true,,http://www.airport.bryansk.ru,Q1771329,26393,https://flight-delayed.ru/airports/bzk
CEE,ULWC,Череповец,Cherepovets Airport,Череповец,Cherepovets,Вологодская область,RU-VLG,59.273602,38.0158,115,Europe/Moscow,medium,true,true,Череповец,true,,http://www.airport.cpv.ru,Q130915,30819,https://flight-delayed.ru/airports/cee
CEK,USCC,Баландино,Kurchatov Chelyabinsk International Airport,Челябинск,Chelyabinsk,Челябинская область,RU-CHE,55.303141,61.504927,234,Asia/Yekaterinburg,large,true,true,Челябинск (Баландино),true,2,https://cekport.ru/,Q1322423,26370,https://flight-delayed.ru/airports/cek
CKH,UESO,Чокурдах,Chokurdakh Airport,Чокурдах,Chokurdah,Республика Саха (Якутия),RU-SA,70.6231,147.901993,46,Asia/Srednekolymsk,medium,true,false,,,,,Q2670713,32514,
CSH,ULAS,Соловки,Solovki Airport,Соловецкий,Solovetsky Islands,Архангельская область,RU-ARK,65.029996,35.730558,18,Europe/Moscow,small,true,false,,,,http://2aoao.ru/index.html,Q1748510,42918,
CSY,UWKS,Чебоксары,Cheboksary Airport,Чебоксары,Cheboksary,Чувашская Республика,RU-CU,56.090302,47.347301,170,Europe/Moscow,medium,true,true,Чебоксары,true,,http://www.aerocheb.ru/,Q304719,26406,https://flight-delayed.ru/airports/csy
CYX,UESS,Черский,Cherskiy Airport,Черский,Cherskiy,Республика Саха (Якутия),RU-SA,68.740601,161.337997,6,Asia/Srednekolymsk,medium,true,false,,,,,Q2476695,30870,
CZR,UIAR,Чара,Chara Airport,Чара,Chara,Забайкальский край,RU-ZAB,56.914423,118.270072,671,Asia/Chita,small,false,false,,,,,Q2159407,42998,
DEE,UHSM,Менделеево,Yuzhno-Kurilsk Mendeleyevo Airport,Южно-Курильск,Yuzhno-Kurilsk,Сахалинская область,RU-SAK,43.961066,145.684977,178,Asia/Magadan,small,true,false,,,,http://www.airportus.ru/,Q4290372,41837,
DHG,,Дальнегорск,Dalnegorsk Airport,Дальнегорск,Dalnegorsk,Приморский край,RU-PRI,44.558748,135.490005,254,Asia/Vladivostok,small,false,false,,,,,Q98414177,330380,
DKS,UODD,Диксон,Dikson Airport,Диксон,Dikson,Красноярский край,RU-KYA,73.517807,80.379669,14,Asia/Krasnoyarsk,medium,false,false,,,,https://dikson.kras.aero/,Q658326,42953,
DLR,UHHD,Дальнереченск,Dalnerechensk Airport,Дальнереченск,Dalnerechensk,Приморский край,RU-PRI,45.879857,133.737629,83,Asia/Vladivostok,small,true,false,,,,,Q62129222,330383,
DME,UUDD,Домодедово,Domodedovo International Airport,Москва,Moscow,Москва,RU-MOS,55.408798,37.9063,179,Europe/Moscow,large,true,true,Москва (Домодедово),true,2,https://www.dme.ru,Q186614,26394,https://flight-delayed.ru/airports/dme
DPT,UEBD,Депутатский,Deputatskiy Airport,Депутатский,Deputatskiy,Республика Саха (Якутия),RU-SA,69.392503,139.890012,290,Asia/Vladivostok,small,true,false,,,,,Q15213673,315624,
DYR,UHMA,Угольный,Ugolny Yuri Ryktheu Airport,Анадырь,Anadyr,Чукотский АО,RU-CHU,64.734902,177.740997,59,Asia/Anadyr,medium,true,true,Анадырь (Угольный),true,,http://apanadyr.ru/,Q1843329,6456,https://flight-delayed.ru/airports/dyr
EDN,UHWE,Единка,Yedinka Airport,Единка,Yedinka,Приморский край,RU-PRI,47.178201,138.657357,30,Asia/Vladivostok,small,false,false,,,,,,330386,
EGO,UUOB,Белгород,Belgorod International Airport,Белгород,Belgorod,Белгородская область,RU-BEL,50.643799,36.590099,224,Europe/Moscow,medium,false,true,Белгород,true,,http://www.belgorodavia.ru,Q762179,26398,https://flight-delayed.ru/airports/ego
EIE,UNII,Енисейск,Yeniseysk Airport,Енисейск,Yeniseysk,Красноярский край,RU-KYA,58.474201,92.112503,77,Asia/Krasnoyarsk,medium,true,false,,,,https://ak-krasavia.ru/about/filials/eniseiskii/,Q2308437,30995,
EIK,URKE,Ейск,Yeysk Airport,Ейск,Yeysk,Краснодарский край,RU-KDA,46.68,38.21,18,Europe/Moscow,medium,false,false,,,,,Q955079,45191,
EKS,UHSK,Шахтерск,Shakhtyorsk Airport,Шахтёрск,Shakhtyorsk,Сахалинская область,RU-SAK,49.1903,142.082993,15,Asia/Sakhalin,small,true,false,,,,http://airport-shakhtersk.ru/,Q16719675,35125,
ERG,UIKE,Ербогачён,Yerbogachen Airport,Ербогачён,Erbogachen,Иркутская область,RU-IRK,61.275002,108.029999,122,Asia/Irkutsk,small,false,false,,,,,Q4176155,42926,
ESL,URWI,Элиста,Elista Airport,Элиста,Elista,Республика Калмыкия,RU-KL,46.373901,44.330898,153,Europe/Moscow,medium,true,true,Элиста,true,,http://aero-elista.narod.ru/,Q2276543,6521,https://flight-delayed.ru/airports/esl
ETL,UHTQ,Светлая,Svetlaya Airport,Светлая,Svetlaya,Приморский край,RU-PRI,46.541704,138.321703,40,Asia/Vladivostok,small,false,false,,,,,,330390,
EYA,UHBE,Зея,Zeya Airport,Зея,Zeya,Амурская область,RU-AMU,53.687023,127.090972,276,Asia/Yakutsk,small,false,false,,,,http://apdv.net/,Q18408153,43687,
EYK,USHQ,Белоярский,Beloyarskiy Airport,Белоярский,Beloyarsky,Ханты-Мансийский АО,RU-KHM,63.686901,66.698601,25,Asia/Yekaterinburg,medium,true,false,,,,http://www.airportblr.ru/,Q19657268,43692,
EZV,USHB,Берёзово,Berezovo Airport,Берёзово,Berezovo,Ханты-Мансийский АО,RU-KHM,63.921001,65.030502,30,Asia/Yekaterinburg,medium,false,false,,,,,Q31914385,43693,
GDX,UHMM,Сокол,Sokol Airport,Магадан,Magadan,Магаданская область,RU-MAG,59.910999,150.720001,175,Asia/Magadan,medium,true,true,Магадан (Сокол),true,1,https://airport-magadan.ru,Q1431997,6458,https://flight-delayed.ru/airports/gdx
GDZ,URKG,Геленджик,Gelendzhik Airport,Геленджик,Gelendzhik,Краснодарский край,RU-KDA,44.582093,38.012481,30,Europe/Moscow,medium,true,true,Геленджик,false,,http://www.gdz.aero/,Q1997645,31522,https://flight-delayed.ru/airports/gdz
GOJ,UWGG,Стригино,Nizhny Novgorod / Strigino International Airport,Нижний Новгород,Nizhny Novgorod,Нижегородская область,RU-NIZ,56.227351,43.785152,78,Europe/Moscow,large,true,true,Нижний Новгород (Стригино),true,1,https://ar-goj.ru,Q1432178,26403,https://flight-delayed.ru/airports/goj
GOY,UNIT,Горный,Tura Mountain Airport,Тура,Tura,Красноярский край,RU-KYA,64.333511,100.432892,623,Asia/Krasnoyarsk,small,true,false,,,,,Q6588584,32543,
GRV,URMG,Грозный,Akhmat Kadyrov Grozny International Airport,Грозный,Grozny,Чеченская Республика,RU-CE,43.388106,45.699772,167,Europe/Moscow,large,true,true,Грозный (Северный),true,1,https://airport-grozny.ru,Q2426249,42924,https://flight-delayed.ru/airports/grv
GSV,UWSG,Гагарин,Gagarin International Airport,Саратов,Saratov,Саратовская область,RU-SAR,51.712778,46.171111,31,Europe/Saratov,large,true,true,Саратов (Гагарин),true,1,https://ar-gsv.ru,Q333137,339001,https://flight-delayed.ru/airports/gsv
GVN,UHKM,Май-Гатка,Sovetskaya Gavan (Maygatka) Airport,Советская Гавань,Sovetskaya Gavan,Хабаровский край,RU-KHA,48.925067,140.035348,234,Asia/Vladivostok,medium,false,false,,,,,Q18401533,43866,
GYG,UEMM,Маган,Magan Airport,Маган,Magan,Республика Саха (Якутия),RU-SA,62.103484,129.545288,176,Asia/Yakutsk,medium,false,false,,,,http://www.aerosever.ru/,Q2670683,42979,
HMA,USHH,Ханты-Мансийск,Khanty Mansiysk Airport,Ханты-Мансийск,Khanty-Mansiysk,Ханты-Мансийский АО,RU-KHM,61.0285,69.086098,23,Asia/Yekaterinburg,medium,true,true,Ханты-Мансийск,true,1,https://ugraavia.ru,Q518910,26373,https://flight-delayed.ru/airports/hma
HTA,UIAA,Кадала,Chita-Kadala International Airport,Чита,Chita,Забайкальский край,RU-ZAB,52.024841,113.305839,693,Asia/Chita,large,true,true,Чита (Кадала),true,2,https://www.aerochita.ru/,Q2735084,6463,https://flight-delayed.ru/airports/hta
HTG,UOHH,Хатанга,Khatanga Airport,Хатанга,Khatanga,Красноярский край,RU-KYA,71.978104,102.490997,29,Asia/Krasnoyarsk,medium,true,false,,,,https://khatanga.kras.aero/,Q2637719,6509,
IAA,UOII,Игарка,Igarka Airport,Игарка,Igarka,Красноярский край,RU-KYA,67.437202,86.621902,25,Asia/Krasnoyarsk,medium,true,false,,,,,Q2607540,31660,
IAR,UUDL,Туношна,Golden Ring Yaroslavl International Airport,Ярославль,Tunoshna,Ярославская область,RU-YAR,57.560699,40.157398,87,Europe/Moscow,large,true,true,Ярославль (Туношна),true,,https://www.yaravia.ru/,Q1147420,26395,https://flight-delayed.ru/airports/iar
IGT,URMS,Магас,Magas Airport,Магас,Sunzha,Республика Ингушетия,RU-IN,43.323268,45.012568,355,Europe/Moscow,medium,true,true,Магас,false,,http://aeroport-magas.ru/index.php,Q5553218,43689,https://flight-delayed.ru/airports/igt
IJK,USII,Ижевск,Izhevsk Airport,Ижевск,Izhevsk,Удмуртская Республика,RU-UD,56.834524,53.462172,162,Europe/Samara,medium,true,true,Ижевск,false,1,https://izhavia.su,Q2629079,31670,https://flight-delayed.ru/airports/ijk
IKS,UEST,Тикси,Tiksi Airport,Тикси,Tiksi,Республика Саха (Якутия),RU-SA,71.697701,128.903,8,Asia/Yakutsk,medium,true,false,,,,http://www.polarair.ru,Q2084892,6450,
IKT,UIII,Иркутск,Irkutsk International Airport,Иркутск,Irkutsk,Иркутская область,RU-IRK,52.266707,104.395563,511,Asia/Irkutsk,large,true,true,Иркутск,true,3,https://iktport.ru,Q1431564,6465,https://flight-delayed.ru/airports/ikt
INA,UUYI,Инта,Inta Airport,Инта,Inta,Республика Коми,RU-KO,66.055568,60.11088,56,Europe/Moscow,medium,false,false,,,,http://www.komiaviatrans.ru/inta.php,Q2016903,42946,
IRM,USHI,Игрим,Igrim Airport,Игрим,,Ханты-Мансийский АО,RU-KHM,63.200391,64.440136,24,Asia/Yekaterinburg,small,false,false,,,,,Q35267394,43688,https://flight-delayed.ru/airports/irm
ITU,UHSI,Курильск,Iturup Airport,Курильск,Kurilsk,Сахалинская область,RU-SAK,45.256389,147.95549,118,Asia/Magadan,small,true,false,,,,,Q17988856,319423,
IWA,UUBI,Южный,Ivanovo South Airport,Иваново,Ivanovo,Ивановская область,RU-IVA,56.9394,40.9408,125,Europe/Moscow,medium,true,true,Иваново (Южный),false,,http://ivanovo.aero/,Q1995004,31690,https://flight-delayed.ru/airports/iwa
JOK,UWKJ,Йошкар-Ола,Yoshkar-Ola Airport,Йошкар-Ола,Yoshkar-Ola,Республика Марий Эл,RU-ME,56.7006,47.904701,106,Europe/Moscow,medium,false,false,,,,http://airola.ru/,Q2574474,31707,https://flight-delayed.ru/airports/jok
KCK,UIKK,Киренск,Kirensk Airport,Киренск,Kirensk,Иркутская область,RU-IRK,57.773,108.064,256,Asia/Irkutsk,small,false,false,,,,,Q2000703,32525,
KCY,UNKM,Черемшанка,Krasnoyarsk Cheremshanka Airport,Красноярск,Krasnoyarsk,Красноярский край,RU-KYA,56.177584,92.545881,254,Asia/Krasnoyarsk,medium,true,false,,,,http://www.cheremshanka.ru/,Q4512790,44425,
KDY,UEMH,Хандыга,Typliy Klyuch Airport,Хандыга,Khandyga,Республика Саха (Якутия),RU-SA,62.789001,136.854996,282,Asia/Khandyga,small,false,false,,,,,Q16897386,44667,
KEJ,UNEE,Кемерово,Alexei Leonov Kemerovo International Airport,Кемерово,Kemerovo,Кемеровская область,RU-KEM,55.2701,86.107201,263,Asia/Novokuznetsk,large,true,true,Кемерово,true,,http://www.airkem.ru,Q240706,6505,https://flight-delayed.ru/airports/kej
KGD,UMKK,Храброво,Khrabrovo Airport,Калининград,Kaliningrad,Калининградская область,RU-KGD,54.89161,20.598559,13,Europe/Kaliningrad,large,true,true,Калининград (Храброво),true,2,https://kgdavia.ru,Q1431650,6498,https://flight-delayed.ru/airports/kgd
KGP,USRK,Когалым,Kogalym International Airport,Когалым,Kogalym,Ханты-Мансийский АО,RU-KHM,62.190399,74.533798,67,Asia/Yekaterinburg,medium,true,false,,,,http://www.kogalymavia.ru,Q2442630,26376,https://flight-delayed.ru/airports/kgp
KHV,UHHH,Новый,Khabarovsk Novy Airport,Хабаровск,Khabarovsk,Хабаровский край,RU-KHA,48.528338,135.188588,74,Asia/Vladivostok,medium,true,true,Хабаровск (Новый),true,2,https://khv.aero,Q372280,6455,https://flight-delayed.ru/airports/khv
KJA,UNKL,Емельяново,Krasnoyarsk International Airport,Красноярск,Krasnoyarsk,Красноярский край,RU-KYA,56.175743,92.485788,287,Asia/Krasnoyarsk,large,true,true,Красноярск (Емельяново),true,2,https://www.kja.aero/,Q1431601,6506,https://flight-delayed.ru/airports/kja
KKQ,USDP,Красноселькуп,Krasnoselkup Airport,Красноселькуп,Krasnoselkup,Ямало-Ненецкий АО,RU-YAN,65.717,82.455,31,Asia/Yekaterinburg,small,false,false,,,,,Q62129127,45048,
KLF,UUBC,Грабцево,Grabtsevo Airport,Калуга,Kaluga,Калужская область,RU-KLU,54.549999,36.366669,200,Europe/Moscow,medium,false,true,Калуга (Грабцево),true,,http://klf.aero,Q4147325,42934,https://flight-delayed.ru/airports/klf
KMW,UUBA,Кострома,Kostroma Sokerkino Airport,Кострома,Kostroma,Костромская область,RU-KOS,57.796902,41.019402,136,Europe/Moscow,medium,true,false,,,,http://kostroma-avia.ru/,Q1958564,31761,
KNY,UNKI,Кодинск,Kodinsk Airport,Кодинск,Kodinsk,Красноярский край,RU-KYA,58.479401,99.093903,302,Asia/Krasnoyarsk,small,false,false,,,,,Q16664420,43337,
KPW,UHMK,Кепервеем,Keperveem Airport,Билибино,Keperveem,Чукотский АО,RU-CHU,67.845001,166.139999,190,Asia/Anadyr,medium,true,false,,,,http://www.Chukotavia.ru,Q4219459,44473,
KRO,USUU,Курган,Kurgan Airport,Курган,Kurgan,Курганская область,RU-KGN,55.4753,65.415604,73,Asia/Yekaterinburg,medium,true,true,Курган,false,,http://www.airkurgan.ru/,Q2545156,31773,https://flight-delayed.ru/airports/kro
KRR,URKK,Пашковский,Krasnodar Pashkovsky International Airport,Краснодар,Krasnodar,Краснодарский край,RU-KDA,45.034465,39.174215,36,Europe/Moscow,large,true,true,Краснодар (Пашковский),true,2,https://krr.aero,Q1629051,6512,https://flight-delayed.ru/airports/krr
KSZ,ULKK,Котлас,Kotlas Airport,Котлас,Kotlas,Архангельская область,RU-ARK,61.235802,46.697498,56,Europe/Moscow,medium,true,false,,,,http://kotlasaero.ru,Q2466858,31780,
KUF,UWWW,Курумоч,Kurumoch International Airport,Самара,Samara,Самарская область,RU-SAM,53.504902,50.164299,145,Europe/Samara,large,true,true,Самара (Курумоч),true,2,https://ar-kuf.ru/,Q950834,26412,https://flight-delayed.ru/airports/kuf
KVK,XLMK,Апатиты,Kirovsk-Apatity Airport,Апатиты,Apatity,Мурманская область,RU-MUR,67.462851,33.585294,157,Europe/Moscow,small,true,false,,,,https://hibiny.aero/,Q1748568,35001,
KVM,UHMO,Марково,Markovo Airport,Марково,Markovo,Чукотский АО,RU-CHU,64.665446,170.417626,23,Asia/Anadyr,small,true,false,,,,http://chukotavia.ru/,Q4282160,44660,
KVR,UHWK,Кавалерово,Kavalerovo Airport,Кавалерово,Kavalerovo,Приморский край,RU-PRI,44.2726,135.029,223,Asia/Vladivostok,small,false,false,,,,,Q35269964,313831,
KVX,USKK,Победилово,Pobedilovo Airport,Киров,Kirov,Кировская область,RU-KIR,58.503883,49.347831,146,Europe/Moscow,medium,true,false,,,,https://pobedilovo43.ru/,Q2608493,42945,https://flight-delayed.ru/airports/kvx
KXD,USHK,Кондинское,Kondinskoye Airport,Кондинское,Kondinskoye,Ханты-Мансийский АО,RU-KHM,59.655083,67.430046,40,Asia/Yekaterinburg,small,false,false,,,,,Q6428998,42942,
KXK,UHKK,Хурба,Komsomolsk-on-Amur Airport,Комсомольск-на-Амуре,Komsomolsk-on-Amur,Хабаровский край,RU-KHA,50.409,136.934006,28,Asia/Vladivostok,medium,true,false,,,,http://www.airksl.ru/,Q2071461,31790,
KYZ,UNKY,Кызыл,Kyzyl Airport,Кызыл,Kyzyl,Республика Тыва,RU-TY,51.669399,94.400597,647,Asia/Krasnoyarsk,medium,true,true,Кызыл,true,,http://www.tuvaavia.ru,Q770594,31793,https://flight-delayed.ru/airports/kyz
KZN,UWKD,Казань,Kazan International Airport,Казань,Kazan,Республика Татарстан,RU-TA,55.606201,49.278702,125,Europe/Moscow,large,true,true,Казань,true,3,https://kazan.aero,Q47151,26404,https://flight-delayed.ru/airports/kzn
LDG,ULAL,Лешуконское,Leshukonskoye Airport,Лешуконское,Leshukonskoye,Архангельская область,RU-ARK,64.896004,45.723,67,Europe/Moscow,small,true,false,,,,,Q1748483,44768,
LED,ULLI,Пулково,Pulkovo Airport,Санкт-Петербург,St. Petersburg,Санкт-Петербург,RU-SPE,59.800301,30.262501,24,Europe/Moscow,large,true,true,Санкт-Петербург (Пулково),true,1,https://pulkovoairport.ru,Q690122,6489,https://flight-delayed.ru/airports/led
LNX,,Смоленск-Северный,Smolensk North Airport,Смоленск,Smolensk,Смоленская область,RU-SMO,54.824,32.025,250,Europe/Moscow,medium,false,false,,,,,Q2602551,44992,
LPK,UUOL,Липецк,Lipetsk Airport,Липецк,Lipetsk,Липецкая область,RU-LIP,52.702801,39.5378,178,Europe/Moscow,medium,false,true,Липецк,true,,http://www.lipetsk-airport.ru,Q1431886,31846,https://flight-delayed.ru/airports/lpk
MCX,URML,Уйташ,Makhachkala Uytash International Airport,Махачкала,Makhachkala,Республика Дагестан,RU-DA,42.816799,47.652302,4,Europe/Moscow,large,true,true,Махачкала (Уйташ),true,2,https://mcx.aero/,Q2452159,6513,https://flight-delayed.ru/airports/mcx
MJY,UNIM,Мотыгино,Motygino Airport,Мотыгино,Motygino,Красноярский край,RU-KYA,58.180921,94.745272,164,Asia/Krasnoyarsk,small,true,false,,,,,Q62129199,323478,
MJZ,UERR,Мирный,Mirny Airport,Мирный,Mirny,Республика Саха (Якутия),RU-SA,62.534698,114.039001,352,Asia/Yakutsk,medium,true,false,,,,http://www.mapalrosa.com,Q2312453,6449,
MMK,ULMM,Мурмаши,Emperor Nicholas II Murmansk Airport,Мурманск,Murmansk,Мурманская область,RU-MUR,68.7817,32.750801,81,Europe/Moscow,large,true,true,Мурманск,true,,https://mmkavia.ru/,Q1529017,6490,https://flight-delayed.ru/airports/mmk
MQF,USCM,Магнитогорск,Magnitogorsk International Airport,Магнитогорск,Magnitogorsk,Челябинская область,RU-BA,53.391991,58.755235,436,Asia/Yekaterinburg,large,true,true,Магнитогорск,true,,http://www.airmagnitka.ru,Q2156249,26371,https://flight-delayed.ru/airports/mqf
MQJ,UEMA,Мома,Moma Airport,Хонуу,Khonuu,Республика Саха (Якутия),RU-SA,66.450861,143.261551,200,Asia/Srednekolymsk,medium,true,false,,,,,Q2359055,32509,
MRV,URMM,Минеральные Воды,Mineralnye Vody Airport,Минеральные Воды,Mineralnyye Vody,Ставропольский край,RU-STA,44.225101,43.081902,321,Europe/Moscow,large,true,true,Минеральные Воды,true,4,https://mvairport.ru/,Q1432042,6514,https://flight-delayed.ru/airports/mrv
NAL,URMN,Нальчик,Nalchik Airport,Нальчик,Nalchik,Кабардино-Балкарская Республика,RU-KB,43.512901,43.6366,445,Europe/Moscow,medium,true,true,Нальчик,true,,https://nalchik-airport.ru/,Q338911,6515,https://flight-delayed.ru/airports/nal
NBC,UWKE,Бегишево,Begishevo Airport,Нижнекамск,Nizhnekamsk,Республика Татарстан,RU-TA,55.564701,52.092499,196,Europe/Moscow,medium,true,true,Нижнекамск (Бегишево),true,2,https://nbc.aero/,Q2571517,26405,https://flight-delayed.ru/airports/nbc
NEI,UHWT,Терней,Terney Airport,Терней,Terney,Приморский край,RU-PRI,45.0825,136.5912,10,Asia/Vladivostok,small,false,false,,,,,Q98413284,331737,
NER,UELL,Чульман,Chulman Airport,Чульман,Neryungri,Республика Саха (Якутия),RU-SA,56.913898,124.914001,857,Asia/Yakutsk,medium,true,false,,,,http://www.aeroserver.ru,Q2359047,5751,
NFG,USRN,Нефтеюганск,Nefteyugansk Airport,Нефтеюганск,Nefteyugansk,Ханты-Мансийский АО,RU-KHM,61.108299,72.650002,35,Asia/Yekaterinburg,medium,false,false,,,,,Q8214468,42943,
NGK,UHSN,Ноглики,Nogliki Airport,Ноглики,Nogliki,Сахалинская область,RU-SAK,51.783955,143.141785,33,Asia/Sakhalin,small,true,false,,,,https://airportus.ru/board/?airport=nogliki,Q28079310,41838,
NJC,USNN,Нижневартовск,Nizhnevartovsk Airport,Нижневартовск,Nizhnevartovsk,Ханты-Мансийский АО,RU-KHM,60.949299,76.483597,54,Asia/Yekaterinburg,large,true,true,Нижневартовск,true,2,https://nv-aero.ru,Q2704076,26374,https://flight-delayed.ru/airports/njc
NLI,UHNN,Николаевск-на-Амуре,Nikolayevsk-na-Amure Airport,Николаевск-на-Амуре,Nikolayevsk-na-Amure Airport,Хабаровский край,RU-KHA,53.154999,140.649994,52,Asia/Vladivostok,medium,true,false,,,,,Q4320413,44611,
NNM,ULAM,Нарьян-Мар,Naryan Mar Airport,Нарьян-Мар,Naryan Mar,Ненецкий АО,RU-NEN,67.639999,53.121899,11,Europe/Moscow,medium,true,false,,,2,https://avianao.ru,Q2393084,32040,https://flight-delayed.ru/airports/nnm
NOJ,USRO,Ноябрьск,Noyabrsk Airport,Ноябрьск,Noyabrsk,Ямало-Ненецкий АО,RU-YAN,63.1833,75.269997,136,Asia/Yekaterinburg,medium,true,false,,,,,Q1847867,35176,https://flight-delayed.ru/airports/noj
NOZ,UNWW,Спиченково,Spichenkovo Airport,Новокузнецк,Novokuznetsk,Кемеровская область,RU-KEM,53.811401,86.877197,312,Asia/Novokuznetsk,medium,true,true,Новокузнецк (Спиченково),true,,http://www.aerokuz.net,Q977477,32045,https://flight-delayed.ru/airports/noz
NSK,UOOO,Алыкель,Alykel International Airport,Норильск,Norilsk,Красноярский край,RU-KYA,69.307951,87.325906,175,Asia/Krasnoyarsk,large,true,true,Норильск (Алыкель),false,,https://airport-norilsk.ru/,Q1406531,6510,https://flight-delayed.ru/airports/nsk
NUX,USMU,Новый Уренгой,Novy Urengoy Airport,Новый Уренгой,Novy Urengoy,Ямало-Ненецкий АО,RU-YAN,66.069397,76.520302,64,Asia/Yekaterinburg,medium,true,false,,,1,https://ar-nux.ru,Q936871,32057,https://flight-delayed.ru/airports/nux
NYA,USHN,Нягань,Nyagan Airport,Нягань,Nyagan,Ханты-Мансийский АО,RU-KHM,62.110001,65.614998,110,Asia/Yekaterinburg,medium,true,false,,,,,Q2671168,42944,https://flight-delayed.ru/airports/nya
NYM,USMM,Надым,Nadym Airport,Надым,Nadym,Ямало-Ненецкий АО,RU-YAN,65.480904,72.698898,15,Asia/Yekaterinburg,medium,true,false,,,,http://www.avianadym.ru/,Q1931168,35175,https://flight-delayed.ru/airports/nym
NYR,UENN,Нюрба,Nyurba Airport,Нюрба,Nyurba,Республика Саха (Якутия),RU-SA,63.296703,118.341953,120,Asia/Yakutsk,small,false,false,,,,http://www.aerosever.ru,Q15263129,32511,
NZG,UIUN,Нижнеангарск,Nizhneangarsk International Airport,Нижнеангарск,Nizhneangarsk,Республика Бурятия,RU-BU,55.8008,109.595001,471,Asia/Irkutsk,small,true,false,,,,,Q4318722,32528,
ODO,UIKB,Бодайбо,Bodaybo Airport,Бодайбо,Bodaybo,Иркутская область,RU-IRK,57.8661,114.242996,280,Asia/Irkutsk,small,true,false,,,,,Q582746,32524,
OGZ,URMO,Беслан,Vladikavkaz Beslan International Airport,Владикавказ,Beslan,Республика Северная Осетия,RU-SE,43.205101,44.606602,510,Europe/Moscow,medium,true,true,Владикавказ (Беслан),true,,http://mav.aero/,Q948855,6516,https://flight-delayed.ru/airports/ogz
OHH,UHSH,Оха,Okha Airport,Оха,Okha,Сахалинская область,RU-SAK,53.516446,142.881426,37,Asia/Sakhalin,small,false,false,,,,http://airportokha.ru,Q2903185,35126,
OHO,UHOO,Охотск,Okhotsk Airport,Охотск,Okhotsk,Хабаровский край,RU-KHA,59.410065,143.056503,14,Asia/Vladivostok,medium,true,false,,,,,Q2875778,35177,
OKT,UWUK,Октябрьский,Oktyabrskiy Airport,Октябрьский,Kzyl-Yar,Республика Татарстан,RU-TA,54.439999,53.388302,115,Europe/Moscow,small,false,false,,,,,Q2901147,32112,
OLZ,UEMO,Олёкминск,Olyokminsk Airport,Олёкминск,Olyokminsk,Республика Саха (Якутия),RU-SA,60.401833,120.476094,200,Asia/Yakutsk,medium,true,false,,,,http://www.aerosever.ru,Q4334506,32510,
OMS,UNOO,Центральный,Omsk Central Airport,Омск,Omsk,Омская область,RU-OMS,54.963124,73.312418,95,Asia/Omsk,large,true,true,Омск (Центральный),true,2,https://www.aeroomsk.ru,Q1432246,6508,https://flight-delayed.ru/airports/oms
ONK,UERO,Оленёк,Olenyok Airport,Оленёк,Olenyok,Республика Саха (Якутия),RU-SA,68.514999,112.480003,258,Asia/Yakutsk,small,false,false,,,,,Q4333650,44597,
OSW,UWOR,Орск,Orsk Airport,Орск,Orsk,Оренбургская область,RU-ORE,51.072498,58.5956,277,Asia/Yekaterinburg,medium,true,true,Орск,true,,http://www.aviaorsk.ru,Q2719002,26409,https://flight-delayed.ru/airports/osw
OVB,UNNT,Толмачёво,Novosibirsk Tolmachevo Airport,Новосибирск,Novosibirsk,Новосибирская область,RU-NVS,55.019756,82.618675,111,Asia/Novosibirsk,large,true,true,Новосибирск (Толмачево),true,2,https://tolmachevo.ru,Q1328849,6507,https://flight-delayed.ru/airports/ovb
OVS,USHS,Советский,Sovetskiy Airport,Советский,Sovetskiy,Ханты-Мансийский АО,RU-KHM,61.326622,63.601913,107,Asia/Yekaterinburg,medium,true,false,,,,http://www.sovaero.ru,Q3544273,32554,https://flight-delayed.ru/airports/ovs
PEE,USPP,Большое Савино,Perm International Airport,Пермь,Perm,Пермский край,RU-PER,57.914501,56.021198,123,Asia/Yekaterinburg,large,true,true,Пермь (Большое Савино),true,1,https://aviaperm.ru,Q1430981,26375,https://flight-delayed.ru/airports/pee
PES,ULPB,Бесовец,Petrozavodsk Airport,Петрозаводск,Petrozavodsk,Республика Карелия,RU-KR,61.885201,34.154701,46,Europe/Moscow,medium,true,true,Петрозаводск (Бесовец),true,,https://karelavia.ru/,Q2545143,6492,https://flight-delayed.ru/airports/pes
PEX,UUYP,Печора,Pechora Airport,Печора,Pechora,Республика Коми,RU-KO,65.121101,57.130798,30,Europe/Moscow,medium,true,false,,,,http://www.komiaviatrans.ru,Q2401191,32154,
PEZ,UWPP,Пенза,Penza Airport,Пенза,Penza,Пензенская область,RU-PNZ,53.1106,45.021099,187,Europe/Moscow,medium,true,true,Пенза,false,,http://airport58.ru/,Q961973,32155,https://flight-delayed.ru/airports/pez
PKC,UHPP,Елизово,Yelizovo Airport,Петропавловск-Камчатский,Petropavlovsk-Kamchatsky,Камчатский край,RU-KAM,53.168716,158.451068,40,Asia/Kamchatka,large,true,true,Петропавловск-Камчатский (Елизово),true,1,https://ar-pkc.ru/,Q2074948,6460,https://flight-delayed.ru/airports/pkc
PKV,ULOO,Псков,Princess Olga Pskov International Airport,Псков,Pskov,Псковская область,RU-PSK,57.781316,28.39384,47,Europe/Moscow,medium,true,true,Псков (Кресты),true,,https://pskov.aeroport.website/,Q2719297,6491,https://flight-delayed.ru/airports/pkv
PVS,UHMD,Бухта Провидения,Provideniya Bay Airport,Провидения,Chukotka,Чукотский АО,RU-CHU,64.378098,-173.242996,22,Asia/Anadyr,medium,false,true,Провидения Бухта,true,,http://chukotavia.ru/,Q2560037,6457,
PWE,UHMP,Певек,Pevek Airport,Певек,Apapelgino,Чукотский АО,RU-CHU,69.783302,170.597,3,Asia/Anadyr,medium,true,false,,,,http://chukotavia.ru/,Q2587323,6459,
PYJ,UERP,Полярный,Polyarny Airport,Удачный,Yakutia,Республика Саха (Якутия),RU-SA,66.400398,112.029999,506,Asia/Yakutsk,medium,true,false,,,,,Q2573798,6448,
REN,UWOO,Оренбург,Orenburg Central Airport,Оренбург,Orenburg,Оренбургская область,RU-ORE,51.792668,55.457229,118,Asia/Yekaterinburg,medium,true,true,Оренбург (Центральный),true,1,https://ar-ren.ru/,Q1834135,26408,https://flight-delayed.ru/airports/ren
RGK,UNBG,Горно-Алтайск,Gorno-Altaysk Airport,Горно-Алтайск,Gorno-Altaysk,Республика Алтай,RU-AL,51.969204,85.836539,294,Asia/Barnaul,medium,false,true,Горно-Алтайск,true,3,https://rgk-aero.ru,Q2529510,42913,https://flight-delayed.ru/airports/rgk
RMZ,USTJ,Тобольск,Tobolsk Remezov Airport,Тобольск,Tobolsk,Тюменская область,RU-TYU,58.059712,68.347997,51,Asia/Yekaterinburg,medium,true,true,Тобольск (Ремезов),true,,https://rmz.aero/,Q108674757,342469,
ROV,URRP,Платов,Platov International Airport,Ростов-на-Дону,Rostov-on-Don,Ростовская область,RU-ROS,47.493888,39.924722,65,Europe/Moscow,large,false,true,Ростов-на-Дону (Платов),true,,http://rov.aero/,Q16534881,326363,https://flight-delayed.ru/airports/rov
RYB,XUBK,Староселье,Staroselye Airport,Рыбинск,Rybinsk,Ярославская область,RU-YAR,58.104198,38.929401,129,Europe/Moscow,medium,false,false,,,,,Q2306333,32241,
RZH,UHTR,Преображение,Preobrazheniye Airport,Преображение,Preobrazheniye,Приморский край,RU-PRI,42.921698,133.904438,10,Asia/Vladivostok,small,false,false,,,,,,332617,
SBT,USDA,Сабетта,Sabetta International Airport,Сабетта,Sabetta,Ямало-Ненецкий АО,RU-YAN,71.219167,72.052222,14,Asia/Yekaterinburg,medium,true,true,Сабетта,true,,http://www.sabetta.aero,Q21644281,327554,
SCW,UUYY,Сыктывкар,Syktyvkar Airport,Сыктывкар,Syktyvkar,Республика Коми,RU-KO,61.646999,50.8451,104,Europe/Moscow,medium,true,true,Сыктывкар,true,,https://komiaviatrans.ru/airport/index.php?id=1,Q61396,26402,https://flight-delayed.ru/airports/scw
SEK,UESK,Среднеколымск,Srednekolymsk Airport,Среднеколымск,Srednekolymsk,Республика Саха (Якутия),RU-SA,67.4805,153.7364,18,Asia/Srednekolymsk,medium,true,false,,,,http://www.aerosever.ru,Q16897241,316761,
SES,UOIG,Светлогорск,Svetlogorsk Airport,Светлогорск,Svetlogorsk,Красноярский край,RU-KYA,66.839996,88.403336,120,Asia/Krasnoyarsk,medium,false,false,,,,,Q7652581,42958,
SGC,USRR,Сургут,Surgut International Airport,Сургут,Surgut,Ханты-Мансийский АО,RU-KHM,61.340501,73.405782,61,Asia/Yekaterinburg,large,true,true,Сургут,true,1,https://www.airport-surgut.ru,Q1432943,26377,https://flight-delayed.ru/airports/sgc
SIP,UKFF,Симферополь,Simferopol International Airport,Симферополь,Simferopol,Республика Крым,RU-CR,45.0522,33.975101,195,Europe/Simferopol,large,false,true,Симферополь,true,,http://airport.crimea.ua/en/,Q1432871,6474,https://flight-delayed.ru/airports/sip
SKX,UWPS,Саранск,Saransk International Airport,Саранск,Saransk,Республика Мордовия,RU-MO,54.12513,45.212257,206,Europe/Moscow,large,true,true,Саранск,true,,http://www.aviamordovia.ru/,Q2281749,42965,https://flight-delayed.ru/airports/skx
SLY,USDD,Салехард,Salekhard Airport,Салехард,Salekhard,Ямало-Ненецкий АО,RU-YAN,66.590797,66.611,66,Asia/Yekaterinburg,medium,true,false,,,1,https://slyport.ru,Q2445706,26372,https://flight-delayed.ru/airports/sly
STW,URMT,Шпаковское,Stavropol Shpakovskoye Airport,Ставрополь,Stavropol,Ставропольский край,RU-STA,45.1092,42.112801,453,Europe/Moscow,medium,true,true,Ставрополь (Шпаковское),false,,https://flystw.com,Q2545136,6517,https://flight-delayed.ru/airports/stw
SUK,UEBS,Саккырыр,Sakkyryr Airport,Батагай-Алыта,Batagay-Alyta,Республика Саха (Якутия),RU-SA,67.792,130.394,514,Asia/Yakutsk,small,true,false,,,,http://www.aerosever.ru/www/airports/air14/,Q15274501,314969,
SUY,UENS,Сунтар,Suntar Airport,Сунтар,Suntar,Республика Саха (Якутия),RU-SA,62.185001,117.635002,138,Asia/Yakutsk,small,true,false,,,,,Q7641676,35092,
SVO,UUEE,Шереметьево,Sheremetyevo International Airport,Москва,Moscow,Москва,RU-MOS,55.976858,37.41121,190,Europe/Moscow,large,true,true,Москва (Шереметьево),true,5,https://www.svo.aero,Q192733,26396,https://flight-delayed.ru/airports/svo
SVX,USSS,Кольцово,Koltsovo Airport,Екатеринбург,Yekaterinburg,Свердловская область,RU-SVE,56.743099,60.8027,233,Asia/Yekaterinburg,large,true,true,Екатеринбург (Кольцово),true,3,https://ar-svx.ru/,Q1334495,26378,https://flight-delayed.ru/airports/svx
SWT,UNSS,Стрежевой,Strezhevoy Airport,Стрежевой,Strezhevoy,Томская область,RU-TOM,60.7094,77.660004,50,Asia/Tomsk,medium,false,false,,,,,Q3606095,32546,
SWV,UHMW,Северо-Эвенск,Severo-Evensk Airport,Эвенск,Evensk,Магаданская область,RU-MAG,61.921786,159.229059,10,Asia/Magadan,medium,false,false,,,,,Q2071036,42962,
SYS,UERS,Саскылах,Saskylakh Airport,Саскылах,Saskylakh,Республика Саха (Якутия),RU-SA,71.927902,114.080002,,Asia/Yakutsk,medium,true,false,,,,,Q7425711,44870,
TBW,UUOT,Донское,Donskoye Airport,Тамбов,Tambov,Тамбовская область,RU-TAM,52.806099,41.4828,126,Europe/Moscow,medium,false,false,,,,http://www.airport.tambov.ru/,Q1996169,32427,https://flight-delayed.ru/airports/tbw
TGK,XRRT,Таганрог-Южный,Taganrog Yuzhny Airport,Таганрог,Taganrog,Ростовская область,RU-ROS,47.198333,38.849167,36,Europe/Moscow,medium,false,true,Таганрог (Южный),true,,http://www.beriev.com,Q966235,44865,
TGP,UNIP,Подкаменная Тунгуска,Podkamennaya Tunguska Airport,Бор,Bor,Красноярский край,RU-KYA,61.589699,89.994003,65,Asia/Krasnoyarsk,medium,false,false,,,,,Q4367627,42955,
THX,UOTT,Туруханск,Turukhansk Airport,Туруханск,Turukhansk,Красноярский край,RU-KYA,65.797203,87.935303,39,Asia/Krasnoyarsk,small,true,false,,,,,Q4466451,32547,
TJM,USTR,Рощино,Roshchino International Airport,Тюмень,Tyumen,Тюменская область,RU-TYU,57.178984,65.327696,115,Asia/Yekaterinburg,large,true,true,Тюмень (Рощино),true,1,https://tjmport.ru,Q2290825,26379,https://flight-delayed.ru/airports/tjm
TKM,UIKG,Таксимо,Taksimo Airport,Таксимо,Taksimo,Республика Бурятия,RU-BU,56.361668,114.93,498,Asia/Irkutsk,small,true,false,,,,,Q686923,43003,
TLK,UECT,Талакан,Talakan Airport,Талакан,Talakan Oil Field,Республика Саха (Якутия),RU-SA,59.876389,111.044444,405,Asia/Yakutsk,small,false,false,,,,,Q4450296,327559,
TLY,UHWP,Пластун,Plastun Airport,Пластун,Plastun,Приморский край,RU-PRI,44.814999,136.292007,20,Asia/Vladivostok,small,true,false,,,,,Q35289738,43867,
TOF,UNTT,Богашёво,Tomsk Kamov Airport,Томск,Tomsk,Томская область,RU-TOM,56.380299,85.208298,182,Asia/Tomsk,large,true,true,Томск (Богашево),true,2,https://tomskairport.ru,Q1322435,32468,https://flight-delayed.ru/airports/tof
TOX,USTO,Тобольск,Tobolsk Airport,Тобольск,Tobolsk,Тюменская область,RU-TYU,58.135799,68.231903,51,Asia/Yekaterinburg,small,false,false,,,,,Q4459128,32471,https://flight-delayed.ru/airports/tox
TQL,USDS,Тарко-Сале,Tarko-Sale Airport,Тарко-Сале,Tarko-Sale,Ямало-Ненецкий АО,RU-YAN,64.930485,77.811295,25,Asia/Yekaterinburg,small,false,false,,,,,Q35309633,32552,
TYD,UHBW,Тында,Tynda Airport,Тында,Tynda,Амурская область,RU-AMU,55.284936,124.77901,610,Asia/Yakutsk,small,false,false,,,,,Q658000,32490,
UCT,UUYH,Ухта,Ukhta Airport,Ухта,Ukhta,Республика Коми,RU-KO,63.566898,53.804699,147,Europe/Moscow,medium,true,false,,,,http://www.komiaviatrans.ru/ukhta.php,Q2545098,32506,https://flight-delayed.ru/airports/uct
UEN,USDU,Уренгой,Urengoy Airport,Уренгой,Urengoy,Ямало-Ненецкий АО,RU-YAN,65.959999,78.436996,17,Asia/Yekaterinburg,small,false,false,,,,,Q60974834,44860,
UFA,UWUU,Уфа,Ufa International Airport,Уфа,Ufa,Республика Башкортостан,RU-BA,54.557499,55.874401,137,Asia/Yekaterinburg,large,true,true,Уфа,true,2,https://airportufa.ru,Q650285,26411,https://flight-delayed.ru/airports/ufa
UHS,UHSA,Александровск-Сахалинский,Aleksandrovsk-Sakhalinskiy Airport,Александровск-Сахалинский,Aleksandrovsk-Sakhalinskiy,Сахалинская область,RU-SAK,50.877144,142.17561,4,Asia/Sakhalin,small,false,false,,,,,,352227,
UIK,UIBS,Усть-Илимск,Ust-Ilimsk Airport,Усть-Илимск,Ust-Ilimsk,Иркутская область,RU-IRK,58.135409,102.556066,408,Asia/Irkutsk,small,false,false,,,,http://ust-ilimsk.ru/index.php?option=com_content&view=category&id=253&Itemid=380,Q745654,32523,
UKG,UEBT,Усть-Куйга,Ust-Kuyga Airport,Усть-Куйга,Ust-Kuyga,Республика Саха (Якутия),RU-SA,70.011002,135.645004,100,Asia/Vladivostok,small,true,false,,,,,Q16897532,44859,
UKS,UKFB,Севастополь,Sevastopol International Airport / Belbek Air Base,Севастополь,Sevastopol,Севастополь,RU-SEV,44.691822,33.57462,105,Europe/Simferopol,medium,false,false,,,,,Q2985601,44293,
UKX,UITT,Усть-Кут,Ust-Kut Airport,Усть-Кут,Ust-Kut,Иркутская область,RU-IRK,56.856701,105.730003,667,Asia/Irkutsk,medium,true,false,,,,http://www.uskairport.ru,Q4478462,42930,
ULK,UERL,Ленск,Lensk Airport,Ленск,Lensk,Республика Саха (Якутия),RU-SA,60.723594,114.825319,244,Asia/Yakutsk,medium,true,false,,,,http://www.mapalrosa.com/lensk.html,Q2067431,32512,
ULV,UWLL,Баратаевка,Ulyanovsk Baratayevka Airport,Ульяновск,Ulyanovsk,Ульяновская область,RU-ULY,54.27016,48.225569,137,Europe/Ulyanovsk,medium,true,true,Ульяновск (Баратаевка),true,,http://www.ulk.aero/?lng=en,Q1989502,35104,https://flight-delayed.ru/airports/ulv
ULY,UWLW,Ульяновск-Восточный,Ulyanovsk Vostochny Airport,Ульяновск,Cherdakly,Ульяновская область,RU-ULY,54.401001,48.8027,77,Europe/Ulyanovsk,medium,true,true,Ульяновск (Восточный),true,,http://www.ulvost.ru,Q2545194,26407,
UMS,UEMU,Усть-Мая,Ust-Maya Airport,Усть-Мая,Ust-Maya,Республика Саха (Якутия),RU-SA,60.357437,134.43731,171,Asia/Khandyga,small,true,false,,,,,Q4478491,44668,
URJ,USHU,Урай,Uray Airport,Урай,Uray,Ханты-Мансийский АО,RU-KHM,60.103298,64.826698,58,Asia/Yekaterinburg,medium,true,false,,,,,Q2233608,32548,https://flight-delayed.ru/airports/urj
URS,UUOK,Восточный,Kursk East Airport,Курск,Kursk,Курская область,RU-KRS,51.750599,36.295601,209,Europe/Moscow,medium,false,true,Курск,true,,http://aerokursk.ru/,Q2992490,26399,https://flight-delayed.ru/airports/urs
USK,UUYS,Усинск,Usinsk Airport,Усинск,Usinsk,Республика Коми,RU-KO,66.0047,57.367199,80,Europe/Moscow,medium,true,false,,,,http://www.komiaviatrans.ru,Q2714240,32555,https://flight-delayed.ru/airports/usk
USR,UEMT,Усть-Нера,Ust-Nera Airport,Усть-Нера,Ust-Nera,Республика Саха (Якутия),RU-SA,64.550003,143.115005,550,Asia/Ust-Nera,medium,true,false,,,,,Q16897534,44662,
UTS,UUYX,Усть-Цильма,Ust-Tsylma Airport,Усть-Цильма,Ust-Tsylma,Республика Коми,RU-KO,65.437294,52.200336,80,Europe/Moscow,medium,false,false,,,,http://www.komiaviatrans.ru,Q4478587,42949,
UUA,UWKB,Бугульма,Bugulma Airport,Бугульма,Bugulma,Республика Татарстан,RU-TA,54.641184,52.800229,302,Europe/Moscow,medium,true,false,,,,http://www.akbarsaero.ru,Q2459307,35174,https://flight-delayed.ru/airports/uua
UUD,UIUU,Байкал,Baikal International Airport,Улан-Удэ,Ulan Ude,Республика Бурятия,RU-BU,51.808614,107.439652,515,Asia/Irkutsk,large,true,true,Улан-Удэ (Мухино),true,2,https://airportbaikal.ru/,Q2719346,6466,https://flight-delayed.ru/airports/uud
UUS,UHSS,Южно-Сахалинск,Yuzhno-Sakhalinsk International Airport,Южно-Сахалинск,Yuzhno-Sakhalinsk,Сахалинская область,RU-SAK,46.885461,142.717466,18,Asia/Sakhalin,large,true,true,Южно-Сахалинск (Хомутово),true,1,https://uusaero.ru,Q766117,6461,https://flight-delayed.ru/airports/uus
VAQ,UNIW,Ванавара,Vanavara Airport,Ванавара,Vanavara,Красноярский край,RU-KYA,60.356229,102.309641,272,Asia/Krasnoyarsk,medium,true,false,,,,,Q4818995,32544,
VEO,UNIS,Северо-Енисейск,Severo-Yeniseysk Airport,Северо-Енисейский,Severo-Yeniseysk,Красноярский край,RU-KYA,60.373299,93.011703,520,Asia/Krasnoyarsk,medium,true,false,,,,,Q7457983,42956,
VGD,ULWW,Вологда,Vologda Airport,Вологда,Vologda,Вологодская область,RU-VLG,59.282501,39.944401,118,Europe/Moscow,medium,false,false,,,,,Q4123660,32571,
VHV,UENI,Верхневилюйск,Verkhnevilyuisk Airport,Верхневилюйск,Verkhnevilyuisk,Республика Саха (Якутия),RU-SA,63.458057,120.269165,125,Asia/Yakutsk,small,true,false,,,,,Q4108317,43673,
VKO,UUWW,Внуково,Vnukovo International Airport,Москва,Moscow,Москва,RU-MOW,55.591499,37.261501,209,Europe/Moscow,large,true,true,Москва (Внуково),true,2,https://www.vnukovo.ru,Q273462,26401,https://flight-delayed.ru/airports/vko
VKT,UUYW,Воркута,Vorkuta Airport,Воркута,Vorkuta,Республика Коми,RU-KO,67.488602,63.993099,184,Europe/Moscow,medium,true,false,,,,http://www.komiaviatrans.ru,Q2718892,32581,
VKV,ULAH,Васьково,Vaskovo Airport,Архангельск,Arkhangelsk,Архангельская область,RU-ARK,64.441704,40.4217,25,Europe/Moscow,medium,false,false,,,,http://www.2aoao.ru/,Q1433211,35124,
VLU,ULOL,Великие Луки,Velikiye Luki Airport,Великие Луки,Velikiye Luki,Псковская область,RU-PSK,56.381066,30.607846,100,Europe/Moscow,medium,false,false,,,,,Q4106422,32584,
VOG,URWW,Гумрак,Volgograd International Airport,Волгоград,Volgograd,Волгоградская область,RU-VGG,48.78134,44.339194,147,Europe/Volgograd,large,true,true,Волгоград (Гумрак),true,2,https://airportvolgograd.ru,Q1433263,6522,https://flight-delayed.ru/airports/vog
VOZ,UUOO,Чертовицкое,Voronezh International Airport,Воронеж,Voronezh,Воронежская область,RU-VOR,51.814324,39.230948,157,Europe/Moscow,medium,true,true,Воронеж (Чертовицкое),true,,https://vozavia.ru/,Q2444515,26400,https://flight-delayed.ru/airports/voz
VRI,ULDW,Варандей,Varandey Airport,Варандей,Varandey,Ненецкий АО,RU-NEN,68.848503,58.201401,7,Europe/Moscow,small,false,false,,,,http://www.ap-varandey.ru/,Q4103583,43672,
VUS,ULWU,Великий Устюг,Velikiy Ustyug Airport,Великий Устюг,Velikiy Ustyug,Вологодская область,RU-VLG,60.7883,46.259998,101,Europe/Moscow,medium,true,false,,,,http://www.nabortu.ru/airports/Russia/Velikij_Ustyug/Velikij-Ustyug-Airport/,Q7919017,42994,
VVO,UHWW,Кневичи,Vladivostok International Airport,Владивосток,Artyom,Приморский край,RU-PRI,43.396256,132.148155,18,Asia/Vladivostok,large,true,true,Владивосток (Кневичи),true,1,https://aerovlad.ru,Q577067,6462,https://flight-delayed.ru/airports/vvo
VYI,UENW,Вилюйск,Vilyuisk Airport,Вилюйск,Vilyuisk,Республика Саха (Якутия),RU-SA,63.756668,121.693336,110,Asia/Yakutsk,medium,true,false,,,,http://www.aerosever.ru,Q2075224,43006,
YAE,UNIJ,Ярцево,Yartsevo Airport,Ярцево,Yartsevo,Красноярский край,RU-KYA,60.255001,90.195,64,Asia/Krasnoyarsk,small,false,false,,,,,,44740,
YKS,UEEE,Якутск,Platon Oyunsky Yakutsk International Airport,Якутск,Yakutsk,Республика Саха (Якутия),RU-SA,62.0933,129.770996,99,Asia/Yakutsk,large,true,true,Якутск,true,2,https://yks.aero,Q1431588,6447,https://flight-delayed.ru/airports/yks
YMK,USDK,Мыс Каменный,Mys Kamenny Airport,Мыс Каменный,Mys Kamennyi,Ямало-Ненецкий АО,RU-YAN,68.467676,73.596733,1,Asia/Yekaterinburg,small,false,false,,,,,Q35282999,32551,
ZIA,UUBW,Жуковский,Zhukovsky International Airport,Жуковский,Moscow,Московская область,RU-MOS,55.553299,38.150002,115,Europe/Moscow,large,true,true,Жуковский,true,1,https://zia.aero/,Q2388744,42967,https://flight-delayed.ru/airports/zia
ZIX,UEVV,Жиганск,Zhigansk Airport,Жиганск,Zhigansk,Республика Саха (Якутия),RU-SA,66.796501,123.361,89,Asia/Yakutsk,medium,true,false,,,,http://sever.aero/,Q4180003,43684,
ZKP,UESU,Зырянка,Zyryanka Airport,Зырянка,Zyryanka,Республика Саха (Якутия),RU-SA,65.7485,150.8889,43,Asia/Srednekolymsk,medium,true,false,,,,,Q16897741,42980,
ZZO,UHSO,Зональное,Zonalnoye Airport,Тымовское,Tymovskoye,Сахалинская область,RU-SAK,50.669929,142.760082,146,Asia/Sakhalin,small,false,false,,,,,Q8073872,32521,
,UEKU,Кутана,Kutana Airport,Кутана,Kutana,Республика Саха (Якутия),RU-SA,59.028719,131.788731,,Asia/Yakutsk,small,false,false,,,,,,335163,
,UHBP,Экимчан,Ekimchan Airport,Экимчан,Ekimchan,Амурская область,RU-AMU,53.076099,132.951004,543,Asia/Yakutsk,small,false,false,,,,http://apdv.net/,Q17333412,32516,
,UHHO,Троицкое,Troitskoye Airport,Троицкое,Troitskoye,Хабаровский край,RU-KHA,49.444833,136.571033,28,Asia/Vladivostok,small,false,false,,,,,,324923,
,UHMF,Омсукчан,Omsukchan Airport,Омсукчан,Omsukchan,Магаданская область,RU-MAG,62.457001,155.744995,528,Asia/Magadan,medium,true,false,,,,,Q4334753,44659,
,UHMG,Чайбуха,Chaybukha Airport,Чайбуха,Chaybukha,Магаданская область,RU-MAG,61.834999,160.548004,63,Asia/Magadan,medium,false,false,,,,,Q5088631,42960,
,UHMH,Сусуман,Susuman Airport,Сусуман,Susman,Магаданская область,RU-MAG,62.764995,148.147014,649,Asia/Magadan,small,true,false,,,,,Q7649758,42964,
,UHMI,Мыс Шмидта,Mys Shmidta Airport,Мыс Шмидта,Mys Shmidta,Чукотский АО,RU-CHU,68.86808,-179.374183,6,Asia/Anadyr,small,false,false,,,,http://chukotavia.ru/,Q948224,35040,
,UHML,Залив Лаврентия,Lavrentiya Airport,Лаврентия,Lavrentiya,Чукотский АО,RU-CHU,65.580426,-170.999177,9,Asia/Anadyr,small,false,false,,,,http://chukotavia.ru/,Q513609,42925,
,UHMN,Омолон,Omolon Airport,Омолон,Omolon,Чукотский АО,RU-CHU,65.239998,160.539993,265,Asia/Anadyr,small,true,false,,,,,Q4334662,44610,
,UHMR,Беринговский,Beringovskiy Airport,Беринговский,Beringovsky,Чукотский АО,RU-CHU,63.02,179.292999,1,Asia/Anadyr,small,false,false,,,,http://chukotavia.ru/,Q4084896,32518,
,UHMS,Сеймчан,Seymchan Airport,Сеймчан,Seymchan,Магаданская область,RU-MAG,62.92078,152.422775,207,Asia/Magadan,medium,false,false,,,,http://sever.aero/seymchan/,Q2963647,42963,
,UHPA,Усть-Пахачи,Ust-Pakhachi Airport,Усть-Пахачи,Ust-Pakhachi,Камчатский край,RU-KAM,60.556587,169.107707,3,Asia/Kamchatka,small,false,false,,,,,Q7902151,42940,
,UHPD,Оссора,Ossora Airport,Оссора,Ossora,Камчатский край,RU-KAM,59.2236,163.0664,4,Asia/Kamchatka,small,false,false,,,,,Q60607962,308492,
,UHPK,Усть-Камчатск,Ust'-Kamchatsk Airport,Усть-Камчатск,Ust'-Kamchatsk (Krutoberegovo),Камчатский край,RU-KAM,56.238854,162.689989,61,Asia/Kamchatka,small,true,false,,,,,Q2665143,32519,
,UHPM,Мильково,Milkovo Airport,Мильково,Milkovo,Камчатский край,RU-KAM,54.68058,158.548508,125,Asia/Kamchatka,small,false,false,,,,,Q6858124,42936,
,UHPU,Усть-Хайрюзово,Ust-Khayryuzovo Airport,Усть-Хайрюзово,Ust-Khayryuzovo,Камчатский край,RU-KAM,57.099706,156.737223,,Asia/Kamchatka,small,false,false,,,,,Q17333513,44664,
,UIIH,Хужир,Khuzhir Airport,Хужир,"Khuzhir, Olkhon Island",Иркутская область,RU-IRK,53.217869,107.410469,496,Asia/Irkutsk,small,true,false,,,,,Q68796049,546403,
,UINN,Нижнеудинск,Nizhneudinsk Airport,Нижнеудинск,Nizhneudinsk,Иркутская область,RU-IRK,54.890007,99.065985,408,Asia/Irkutsk,small,false,false,,,,,Q4318968,308489,
,ULER,Харута,Kharuta Airport,Харута,Kharuta,Ненецкий АО,RU-NEN,66.846122,59.539305,50,Europe/Moscow,small,false,false,,,,,Q4496134,44853,
,ULPP,Пески,Peski Airfield,Петрозаводск,Petrozavodsk,Республика Карелия,RU-KR,61.831944,34.295555,47,Europe/Moscow,medium,false,false,,,,,Q4359661,43334,
,ULSY,Сиворицы,Sivoritsy Airfield,Гатчина,Gatchina,Ленинградская область,RU-LEN,59.476156,30.001545,113,Europe/Moscow,small,false,false,,,,,,43659,
,ULWK,Кичменгский Городок,Kichmengskiy Gorodok Airport,Кичменгский Городок,Kichmengskiy Gorodok,Вологодская область,RU-VLG,59.975717,45.828918,105,Europe/Moscow,small,false,false,,,,,,44747,
,UNAU,Шушенское,Shushenskoye Airport,Шушенское,Kazantsevo,Красноярский край,RU-KYA,53.385176,92.044718,270,Asia/Krasnoyarsk,small,false,false,,,,http://shushair.ru/,Q25395291,44612,
,USDO,Толька,Tolka Airport,Толька,Tolka,Ямало-Ненецкий АО,RU-YAN,63.987808,82.050889,28,Asia/Yekaterinburg,small,true,false,,,,,Q60853684,44669,
,USHL,Луговой,Lugovoy Airport,Луговой,Lugovoy,Ханты-Мансийский АО,RU-KHM,59.725122,65.833281,,Asia/Yekaterinburg,small,true,false,,,,,,44617,
,UUBQ,Шарья,Sharya Airport,Шарья,Sharya,Костромская область,RU-KOS,58.39282,45.554381,37,Europe/Moscow,small,false,false,,,,,,335153,
,UUBS,Смоленск-Южный,Smolensk South Airport,Смоленск,Smolensk,Смоленская область,RU-SMO,54.745,32.065,250,Europe/Moscow,small,false,false,,,,,Q2602551,31838,
,UWOH,Кваркено,Kvarkeno Airport,Кваркено,Kvarkeno,Оренбургская область,RU-ORE,52.077797,59.686542,,Asia/Yekaterinburg,small,false,false,,,,,,310609,
,UWOS,Светлый,Svetlyy Airport,Светлый,Svetly,Оренбургская область,RU-ORE,50.800721,60.902367,298,Asia/Yekaterinburg,small,false,false,,,,,,335161,
,UWWS,Смышляевка,Smyshlyayevka Airport,Самара,Samara,Самарская область,RU-SAM,53.241318,50.374982,40,Europe/Samara,small,false,false,,,,,Q941042,44613,
