name,region_ru,iata,icao,kind,mode,classification,active,in_airports_csv,record_updated,rosgranstroy_url,notes
Абакан,Республика Хакасия,ABA,UNAA,грузо-пассажирский,постоянный,"воздушный грузо-пассажирский, постоянный, многосторонний",true,true,2026-03-26,https://rosgranstroy.ru/checkpoints/2,
Анадырь (Угольный),Чукотский автономный округ,DYR,UHMA,грузо-пассажирский,нерегулярный,"воздушный грузо-пассажирский, работающий на нерегулярной основе, многосторонний",true,true,2026-03-26,https://rosgranstroy.ru/checkpoints/12,
Анапа (Витязево),Краснодарский край,AAQ,URKA,грузо-пассажирский,постоянный,"воздушный грузо-пассажирский, постоянный, многосторонний",true,true,2026-03-25,https://rosgranstroy.ru/checkpoints/14,"в 2665-р (2017): грузо-пассажирский, работающий на нерегулярной основе, многосторонний; в перечне Минтранса на 18.12.2020: грузопассажирский работающий на нерегулярной основе многосторонний"
Архангельск (Талаги),Архангельская область,ARH,ULAA,грузо-пассажирский,постоянный,"воздушный грузо-пассажирский, постоянный, многосторонний",true,true,2026-03-25,https://rosgranstroy.ru/checkpoints/18,
Астрахань (Нариманово),Астраханская область,ASF,URWA,грузо-пассажирский,постоянный,"воздушный грузо-пассажирский, постоянный, многосторонний",true,true,2026-03-25,https://rosgranstroy.ru/checkpoints/21,
Барнаул,Алтайский край,BAX,UNBB,грузо-пассажирский,постоянный,"воздушный грузо-пассажирский, постоянный, многосторонний",true,true,2026-03-25,https://rosgranstroy.ru/checkpoints/24,
Белгород,Белгородская область,EGO,UUOB,грузо-пассажирский,постоянный,"воздушный грузо-пассажирский, постоянный, многосторонний",true,true,2026-03-25,https://rosgranstroy.ru/checkpoints/28,
Благовещенск,Амурская область,BQS,UHBB,грузо-пассажирский,постоянный,"воздушный грузо-пассажирский, постоянный, многосторонний",true,true,2026-03-25,https://rosgranstroy.ru/checkpoints/31,
Братск,Иркутская область,BTK,UIBB,грузо-пассажирский,постоянный,"воздушный грузо-пассажирский, постоянный, многосторонний",true,true,2026-03-25,https://rosgranstroy.ru/checkpoints/36,
Брянск,Брянская область,BZK,UUBP,грузо-пассажирский,нерегулярный,"воздушный грузо-пассажирский, работающий на нерегулярной основе, многосторонний",true,true,2026-03-25,https://rosgranstroy.ru/checkpoints/40,
Владивосток (Кневичи),Приморский край,VVO,UHWW,грузо-пассажирский,постоянный,"воздушный грузо-пассажирский, постоянный, многосторонний",true,true,2026-03-19,https://rosgranstroy.ru/checkpoints/61,
Владикавказ (Беслан),Республика Северная Осетия — Алания,OGZ,URMO,грузо-пассажирский,нерегулярный,"воздушный грузо-пассажирский, работающий на нерегулярной основе, многосторонний",true,true,2026-03-19,https://rosgranstroy.ru/checkpoints/62,
Волгоград (Гумрак),Волгоградская область,VOG,URWW,грузо-пассажирский,постоянный,"воздушный грузо-пассажирский, постоянный, многосторонний",true,true,2026-03-19,https://rosgranstroy.ru/checkpoints/63,
Воронеж (Чертовицкое),Воронежская область,VOZ,UUOO,грузо-пассажирский,постоянный,"воздушный грузо-пассажирский, постоянный, многосторонний",true,true,2026-03-19,https://rosgranstroy.ru/checkpoints/65,
Геленджик,Краснодарский край,GDZ,URKG,грузо-пассажирский,нерегулярный,"воздушный грузо-пассажирский, работающий на нерегулярной основе, многосторонний",false,true,2023-02-28,https://rosgranstroy.ru/checkpoints/76,"в 2665-р (2017): грузо-пассажирский, постоянный, многосторонний; в перечне Минтранса на 18.12.2020: грузопассажирский постоянный многосторонний; в перечне Минтранса на 18.12.2020: не функционирует"
Горно-Алтайск,Республика Алтай,RGK,UNBG,грузо-пассажирский,постоянный,"воздушный грузо-пассажирский, постоянный, многосторонний",true,true,2026-03-26,https://rosgranstroy.ru/checkpoints/gornoaltaysk,"нет в 2665-р (2017); нет в перечне Минтранса на 18.12.2020; аэропорт открыт и пункт пропуска установлен распоряжением Правительства РФ от 25.03.2025 № 698-р; пункт пропуска открыт (I этап) приказом Минтранса от 16.07.2025 № 212; в реестре Росгранстроя координаты-заглушка 55,55"
Грозный (Северный),Чеченская Республика,GRV,URMG,грузо-пассажирский,постоянный,"воздушный грузо-пассажирский, постоянный, многосторонний",true,true,2026-03-19,https://rosgranstroy.ru/checkpoints/82,
Екатеринбург (Кольцово),Свердловская область,SVX,USSS,грузо-пассажирский,постоянный,"воздушный грузо-пассажирский, постоянный, многосторонний",true,true,2026-03-17,https://rosgranstroy.ru/checkpoints/99,приказ Минтранса от 12.05.2025 № 158 об открытии пункта пропуска и утверждении пределов
Жуковский,Московская область,ZIA,UUBW,грузо-пассажирский,постоянный,"воздушный грузо-пассажирский, постоянный, многосторонний",true,true,2026-03-17,https://rosgranstroy.ru/checkpoints/103,в 2665-р (2017) значится как «Раменское»
Иваново (Южный),Ивановская область,IWA,UUBI,грузо-пассажирский,нерегулярный,"воздушный грузо-пассажирский, работающий на нерегулярной основе, многосторонний",false,true,2023-02-28,https://rosgranstroy.ru/checkpoints/113,в перечне Минтранса на 18.12.2020: не функционирует
Ижевск,Удмуртская Республика,IJK,USII,грузо-пассажирский,постоянный,"воздушный грузо-пассажирский, постоянный, многосторонний",false,true,2026-07-22,https://rosgranstroy.ru/checkpoints/380,"нет в 2665-р (2017); нет в перечне Минтранса на 18.12.2020; аэропорт открыт для международных полётов и пункт пропуска установлен распоряжением Правительства РФ (апрель 2023, по rg.ru от 25.04.2023; номер акта не установлен); в реестре Росгранстроя координаты-заглушка 55,55"
Иркутск,Иркутская область,IKT,UIII,грузо-пассажирский,постоянный,"воздушный грузо-пассажирский, постоянный, многосторонний",true,true,2026-03-16,https://rosgranstroy.ru/checkpoints/118,
Казань,Республика Татарстан,KZN,UWKD,грузо-пассажирский,постоянный,"воздушный грузо-пассажирский, постоянный, многосторонний",true,true,2026-03-16,https://rosgranstroy.ru/checkpoints/124,в реестре Росгранстроя субъект ошибочно указан как Волгоградская область
Калининград (Храброво),Калининградская область,KGD,UMKK,грузо-пассажирский,постоянный,"воздушный грузо-пассажирский, постоянный, многосторонний",true,true,2026-02-02,https://rosgranstroy.ru/checkpoints/127,
Калуга (Грабцево),Калужская область,KLF,UUBC,грузо-пассажирский,постоянный,"воздушный грузо-пассажирский, постоянный, многосторонний",true,true,2026-03-16,https://rosgranstroy.ru/checkpoints/128,"в 2665-р (2017): пассажирский, работающий на нерегулярной основе, многосторонний"
Кемерово,Кемеровская область,KEJ,UNEE,грузо-пассажирский,постоянный,"воздушный грузо-пассажирский, постоянный, многосторонний",true,true,2026-03-16,https://rosgranstroy.ru/checkpoints/135,
Краснодар (Пашковский),Краснодарский край,KRR,URKK,грузо-пассажирский,постоянный,"воздушный грузо-пассажирский, постоянный, многосторонний",true,true,2026-03-16,https://rosgranstroy.ru/checkpoints/144,
Красноярск (Емельяново),Красноярский край,KJA,UNKL,грузо-пассажирский,постоянный,"воздушный грузо-пассажирский, постоянный, многосторонний",true,true,2026-03-16,https://rosgranstroy.ru/checkpoints/145,
Кубинка,Московская область,,UUMB,грузо-пассажирский,постоянный,"воздушный грузо-пассажирский, постоянный, многосторонний",true,false,2026-03-03,https://rosgranstroy.ru/checkpoints/149,военный аэродром; IATA нет
Курган,Курганская область,KRO,USUU,грузо-пассажирский,нерегулярный,"воздушный грузо-пассажирский, работающий на нерегулярной основе, многосторонний",false,true,2026-02-11,https://rosgranstroy.ru/checkpoints/155,в перечне Минтранса на 18.12.2020: не функционирует
Курск,Курская область,URS,UUOK,грузо-пассажирский,нерегулярный,"воздушный грузо-пассажирский, работающий на нерегулярной основе, многосторонний",true,true,2026-03-03,https://rosgranstroy.ru/checkpoints/156,
Кызыл,Республика Тыва,KYZ,UNKY,грузо-пассажирский,нерегулярный,"воздушный грузо-пассажирский, работающий на нерегулярной основе, многосторонний",true,true,2026-03-02,https://rosgranstroy.ru/checkpoints/157,нет в 2665-р (2017); в перечне Минтранса на 18.12.2020: не функционирует
Левашово,Санкт-Петербург,,,грузо-пассажирский,нерегулярный,"воздушный грузо-пассажирский, работающий на нерегулярной основе, многосторонний",false,false,2023-02-28,https://rosgranstroy.ru/checkpoints/160,"нет в 2665-р (2017); нет в перечне Минтранса на 18.12.2020; установлен распоряжением Правительства РФ от 30.06.2022 № 1762-р (в акте — постоянный, в реестре Росгранстроя — нерегулярный); IATA/ICAO не сопоставлены (военный аэродром)"
Липецк,Липецкая область,LPK,UUOL,грузо-пассажирский,постоянный,"воздушный грузо-пассажирский, постоянный, многосторонний",true,true,2026-03-02,https://rosgranstroy.ru/checkpoints/161,
Магадан (Сокол),Магаданская область,GDX,UHMM,грузо-пассажирский,нерегулярный,"воздушный грузо-пассажирский, работающий на нерегулярной основе, многосторонний",true,true,2025-02-20,https://rosgranstroy.ru/checkpoints/171,
Магас,Республика Ингушетия,IGT,URMS,грузо-пассажирский,постоянный,"воздушный грузо-пассажирский, постоянный, многосторонний",false,true,2025-04-21,https://rosgranstroy.ru/checkpoints/172,нет в 2665-р (2017); нет в перечне Минтранса на 18.12.2020; установлен распоряжением Правительства РФ от 16.12.2021 № 3624-р
Магнитогорск,Челябинская область,MQF,USCM,грузо-пассажирский,постоянный,"воздушный грузо-пассажирский, постоянный, многосторонний",true,true,2026-02-26,https://rosgranstroy.ru/checkpoints/173,
Махачкала (Уйташ),Республика Дагестан,MCX,URML,грузо-пассажирский,постоянный,"воздушный грузо-пассажирский, постоянный, многосторонний",true,true,2026-02-26,https://rosgranstroy.ru/checkpoints/185,
Минеральные Воды,Ставропольский край,MRV,URMM,грузо-пассажирский,постоянный,"воздушный грузо-пассажирский, постоянный, многосторонний",true,true,2026-02-25,https://rosgranstroy.ru/checkpoints/187,
Москва (Внуково),Москва,VKO,UUWW,грузо-пассажирский,постоянный,"воздушный грузо-пассажирский, постоянный, многосторонний",true,true,2026-02-25,https://rosgranstroy.ru/checkpoints/193,"приказ Минтранса от 10.09.2025 № 277 об открытии реконструированного пункта пропуска (Внуково-1, терминал A)"
Москва (Домодедово),Московская область,DME,UUDD,грузо-пассажирский,постоянный,"воздушный грузо-пассажирский, постоянный, многосторонний",true,true,2026-02-25,https://rosgranstroy.ru/checkpoints/194,приказ Минтранса от 29.05.2023 № 192 об открытии реконструированного пункта пропуска
Москва (Шереметьево),Московская область,SVO,UUEE,грузо-пассажирский,постоянный,"воздушный грузо-пассажирский, постоянный, многосторонний",true,true,2026-02-25,https://rosgranstroy.ru/checkpoints/195,
Мурманск,Мурманская область,MMK,ULMM,грузо-пассажирский,постоянный,"воздушный грузо-пассажирский, постоянный, многосторонний",true,true,2026-02-25,https://rosgranstroy.ru/checkpoints/198,
Нальчик,Кабардино-Балкарская Республика,NAL,URMN,грузо-пассажирский,нерегулярный,"воздушный грузо-пассажирский, работающий на нерегулярной основе, многосторонний",true,true,2026-02-25,https://rosgranstroy.ru/checkpoints/199,
Нижневартовск,Ханты-Мансийский автономный округ — Югра,NJC,USNN,грузо-пассажирский,постоянный,"воздушный грузо-пассажирский, постоянный, многосторонний",true,true,2026-02-25,https://rosgranstroy.ru/checkpoints/209,
Нижнекамск (Бегишево),Республика Татарстан (Татарстан),NBC,UWKE,грузо-пассажирский,постоянный,"воздушный грузо-пассажирский, постоянный, многосторонний",true,true,2026-02-25,https://rosgranstroy.ru/checkpoints/210,приказ Минтранса от 19.08.2026 № 368 об утверждении пределов пункта пропуска
Нижний Новгород (Стригино),Нижегородская область,GOJ,UWGG,грузо-пассажирский,постоянный,"воздушный грузо-пассажирский, постоянный, многосторонний",true,true,2026-02-18,https://rosgranstroy.ru/checkpoints/214,
Новокузнецк (Спиченково),Кемеровская область,NOZ,UNWW,пассажирский,нерегулярный,"воздушный пассажирский, работающий на нерегулярной основе, многосторонний",true,true,2026-02-24,https://rosgranstroy.ru/checkpoints/219,в реестре Росгранстроя координаты ошибочные
Новосибирск (Толмачево),Новосибирская область,OVB,UNNT,грузо-пассажирский,постоянный,"воздушный грузо-пассажирский, постоянный, многосторонний",true,true,2026-02-18,https://rosgranstroy.ru/checkpoints/221,"приказ Минтранса от 13.02.2024 № 56 об открытии реконструированного пункта пропуска (по rg.ru, текст не открывал)"
Норильск (Алыкель),Красноярский край,NSK,UOOO,грузо-пассажирский,нерегулярный,"воздушный грузо-пассажирский, работающий на нерегулярной основе, многосторонний",false,true,2023-03-14,https://rosgranstroy.ru/checkpoints/378,нет в 2665-р (2017); нет в перечне Минтранса на 18.12.2020; установлен распоряжением Правительства РФ от 28.01.2023 № 169-р
Омск (Центральный),Омская область,OMS,UNOO,грузо-пассажирский,постоянный,"воздушный грузо-пассажирский, постоянный, многосторонний",true,true,2026-02-18,https://rosgranstroy.ru/checkpoints/232,в реестре Росгранстроя координаты ошибочные
Оренбург (Центральный),Оренбургская область,REN,UWOO,грузо-пассажирский,постоянный,"воздушный грузо-пассажирский, постоянный, многосторонний",true,true,2026-02-18,https://rosgranstroy.ru/checkpoints/234,
Оренбург-2,Оренбургская область,,,грузо-пассажирский,нерегулярный,"воздушный грузо-пассажирский, работающий на нерегулярной основе, многосторонний",true,false,2026-02-18,https://rosgranstroy.ru/checkpoints/235,"военный аэродром (в/ч 45097 по перечню Минтранса 2020); IATA/ICAO не сопоставлены; в реестре Росгранстроя координаты Оренбурга-2 и Оренбурга (Центрального), похоже, перепутаны"
Орск,Оренбургская область,OSW,UWOR,грузо-пассажирский,нерегулярный,"воздушный грузо-пассажирский, работающий на нерегулярной основе, многосторонний",true,true,2026-02-17,https://rosgranstroy.ru/checkpoints/238,
Остафьево,Московская область,,,грузо-пассажирский,постоянный,"воздушный грузо-пассажирский, постоянный, многосторонний",true,false,2026-02-17,https://rosgranstroy.ru/checkpoints/239,"IATA/ICAO не сопоставлены уверенно (вероятно OSF/UUMO, не проверено)"
Пенза,Пензенская область,PEZ,UWPP,грузо-пассажирский,нерегулярный,"воздушный грузо-пассажирский, работающий на нерегулярной основе, многосторонний",false,true,2026-07-14,https://rosgranstroy.ru/checkpoints/penza,"нет в 2665-р (2017); нет в перечне Минтранса на 18.12.2020; установлен распоряжением Правительства РФ от 19.06.2026 № 1528-р (номер по penzanews.ru, текст акта не открывал)"
Пермь (Большое Савино),Пермский край,PEE,USPP,грузо-пассажирский,постоянный,"воздушный грузо-пассажирский, постоянный, многосторонний",true,true,2026-02-18,https://rosgranstroy.ru/checkpoints/247,
Петрозаводск (Бесовец),Республика Карелия,PES,ULPB,грузо-пассажирский,нерегулярный,"воздушный грузо-пассажирский, работающий на нерегулярной основе, многосторонний",true,true,2026-02-16,https://rosgranstroy.ru/checkpoints/248,
Петропавловск-Камчатский (Елизово),Камчатский край,PKC,UHPP,грузо-пассажирский,постоянный,"воздушный грузо-пассажирский, постоянный, многосторонний",true,true,2026-02-16,https://rosgranstroy.ru/checkpoints/250,
Провидения Бухта,Чукотский автономный округ,PVS,UHMD,грузо-пассажирский,нерегулярный,"воздушный грузо-пассажирский, работающий на нерегулярной основе, многосторонний",true,true,2026-02-16,https://rosgranstroy.ru/checkpoints/269,
Псков (Кресты),Псковская область,PKV,ULOO,грузо-пассажирский,нерегулярный,"воздушный грузо-пассажирский, работающий на нерегулярной основе, многосторонний",true,true,2026-02-16,https://rosgranstroy.ru/checkpoints/271,
Ростов (Центральный),Ростовская область,,,грузо-пассажирский,постоянный,"воздушный грузо-пассажирский, постоянный, многосторонний",true,false,2026-02-16,https://rosgranstroy.ru/checkpoints/276,аэродром Минобороны (по перечню Минтранса 2020); IATA/ICAO не сопоставлены
Ростов-на-Дону (Платов),Ростовская область,ROV,URRP,грузо-пассажирский,постоянный,"воздушный грузо-пассажирский, постоянный, многосторонний",true,true,2026-02-16,https://rosgranstroy.ru/checkpoints/278,в 2665-р (2017) значится как «Ростов-на-Дону»
Сабетта,Ямало-Ненецкий автономный округ,SBT,USDA,грузо-пассажирский,нерегулярный,"воздушный грузо-пассажирский, работающий на нерегулярной основе, многосторонний",true,true,2026-02-16,https://rosgranstroy.ru/checkpoints/280,
Самара (Курумоч),Самарская область,KUF,UWWW,грузо-пассажирский,постоянный,"воздушный грузо-пассажирский, постоянный, многосторонний",true,true,2026-02-16,https://rosgranstroy.ru/checkpoints/284,
Санкт-Петербург (Пулково),Санкт-Петербург,LED,ULLI,грузо-пассажирский,постоянный,"воздушный грузо-пассажирский, постоянный, многосторонний",true,true,2026-02-16,https://rosgranstroy.ru/checkpoints/286,
Саранск,Республика Мордовия,SKX,UWPS,грузо-пассажирский,постоянный,"воздушный грузо-пассажирский, постоянный, многосторонний",true,true,2026-02-16,https://rosgranstroy.ru/checkpoints/287,"в 2665-р (2017): грузо-пассажирский, временный, работающий на нерегулярной основе, многосторонний; в перечне Минтранса на 18.12.2020: грузопассажирский работающий на нерегулярной основе многосторонний; в перечне Минтранса на 18.12.2020: не функционирует"
Саратов (Гагарин),Саратовская область,GSV,UWSG,грузо-пассажирский,постоянный,"воздушный грузо-пассажирский, постоянный, многосторонний",true,true,2026-02-16,https://rosgranstroy.ru/checkpoints/288,в 2665-р (2017) значится как «Саратов (Центральный)»; коды нового аэропорта Гагарин; координаты в реестре Росгранстроя указывают на старый аэропорт
Симферополь,Республика Крым,SIP,UKFF,грузо-пассажирский,постоянный,"воздушный грузо-пассажирский, постоянный, многосторонний",true,true,2026-02-16,https://rosgranstroy.ru/checkpoints/295,"реконструированный пункт пропуска открыт приказом Минтранса от 13.02.2024 № 54; ICAO по ИКАО UKFF, в российских сборниках URFF"
Сочи,Краснодарский край,AER,URSS,грузо-пассажирский,постоянный,"воздушный грузо-пассажирский, постоянный, многосторонний",true,true,2026-02-16,https://rosgranstroy.ru/checkpoints/305,
Ставрополь (Шпаковское),Ставропольский край,STW,URMT,грузо-пассажирский,нерегулярный,"воздушный грузо-пассажирский, работающий на нерегулярной основе, многосторонний",false,true,2025-07-23,https://rosgranstroy.ru/checkpoints/306,
Сургут,Ханты-Мансийский автономный округ — Югра,SGC,USRR,грузо-пассажирский,постоянный,"воздушный грузо-пассажирский, постоянный, многосторонний",true,true,2026-02-16,https://rosgranstroy.ru/checkpoints/312,
Сыктывкар,Республика Коми,SCW,UUYY,грузо-пассажирский,постоянный,"воздушный грузо-пассажирский, постоянный, многосторонний",true,true,2026-02-16,https://rosgranstroy.ru/checkpoints/313,
Таганрог (Южный),Ростовская область,TGK,,грузовой,нерегулярный,"воздушный грузовой, работающий на нерегулярной основе, многосторонний",true,true,2026-02-16,https://rosgranstroy.ru/checkpoints/316,"ICAO не установлен уверенно (URRT по ряду справочников, XRRT в OurAirports)"
Тверь (Мигалово),Тверская область,KLD,UUEM,грузо-пассажирский,нерегулярный,"воздушный грузо-пассажирский, работающий на нерегулярной основе, многосторонний",true,false,2026-02-16,https://rosgranstroy.ru/checkpoints/320,
Тобольск (Ремезов),Тюменская область,RMZ,USTJ,грузо-пассажирский,нерегулярный,"воздушный грузо-пассажирский, работающий на нерегулярной основе, многосторонний",true,true,2026-03-26,https://rosgranstroy.ru/checkpoints/379,"нет в 2665-р (2017); нет в перечне Минтранса на 18.12.2020; установлен распоряжением Правительства РФ от 04.02.2023 № 244-р; коды нового аэропорта Ремезов (RMZ/USTJ), не старого TOX"
Томск (Богашево),Томская область,TOF,UNTT,грузо-пассажирский,временный,"воздушный грузо-пассажирский, временный, многосторонний",true,true,2026-02-16,https://rosgranstroy.ru/checkpoints/328,
Тюмень (Рощино),Тюменская область,TJM,USTR,грузо-пассажирский,постоянный,"воздушный грузо-пассажирский, постоянный, многосторонний",true,true,2026-02-16,https://rosgranstroy.ru/checkpoints/336,приказ Минтранса от 04.03.2026 № 88 об открытии пункта пропуска в рамках I этапа (в силе с 13.04.2026)
Улан-Удэ (Мухино),Республика Бурятия,UUD,UIUU,грузо-пассажирский,постоянный,"воздушный грузо-пассажирский, постоянный, многосторонний",true,true,2026-02-16,https://rosgranstroy.ru/checkpoints/340,
Ульяновск (Баратаевка),Ульяновская область,ULV,UWLL,пассажирский,нерегулярный,"воздушный пассажирский, работающий на нерегулярной основе, многосторонний",true,true,2026-02-16,https://rosgranstroy.ru/checkpoints/341,
Ульяновск (Восточный),Ульяновская область,ULY,UWLW,грузо-пассажирский,постоянный,"воздушный грузо-пассажирский, постоянный, многосторонний",true,true,2026-02-16,https://rosgranstroy.ru/checkpoints/342,
Уфа,Республика Башкортостан,UFA,UWUU,грузо-пассажирский,постоянный,"воздушный грузо-пассажирский, постоянный, многосторонний",true,true,2026-02-16,https://rosgranstroy.ru/checkpoints/345,в реестре Росгранстроя координаты смещены
Хабаровск (Новый),Хабаровский край,KHV,UHHH,грузо-пассажирский,постоянный,"воздушный грузо-пассажирский, постоянный, многосторонний",true,true,2026-02-16,https://rosgranstroy.ru/checkpoints/350,
Ханты-Мансийск,Ханты-Мансийский автономный округ — Югра,HMA,USHH,грузо-пассажирский,постоянный,"воздушный грузо-пассажирский, постоянный, многосторонний",true,true,2026-02-16,https://rosgranstroy.ru/checkpoints/352,
Чебоксары,Чувашская Республика — Чувашия,CSY,UWKS,грузо-пассажирский,постоянный,"воздушный грузо-пассажирский, постоянный, многосторонний",true,true,2026-02-16,https://rosgranstroy.ru/checkpoints/356,
Челябинск (Баландино),Челябинская область,CEK,USCC,грузо-пассажирский,постоянный,"воздушный грузо-пассажирский, постоянный, многосторонний",true,true,2026-02-16,https://rosgranstroy.ru/checkpoints/357,
Череповец,Вологодская область,CEE,ULWC,пассажирский,нерегулярный,"воздушный пассажирский, работающий на нерегулярной основе, многосторонний",true,true,2026-02-16,https://rosgranstroy.ru/checkpoints/358,
Чита (Кадала),Забайкальский край,HTA,UIAA,грузо-пассажирский,постоянный,"воздушный грузо-пассажирский, постоянный, многосторонний",true,true,2026-02-16,https://rosgranstroy.ru/checkpoints/364,
Чкаловский,Московская область,CKL,UUMU,грузо-пассажирский,нерегулярный,"воздушный грузо-пассажирский, работающий на нерегулярной основе, многосторонний",true,false,2026-02-16,https://rosgranstroy.ru/checkpoints/365,
Элиста,Республика Калмыкия,ESL,URWI,грузо-пассажирский,нерегулярный,"воздушный грузо-пассажирский, работающий на нерегулярной основе, многосторонний",true,true,2023-02-28,https://rosgranstroy.ru/checkpoints/370,
Южно-Сахалинск (Хомутово),Сахалинская область,UUS,UHSS,грузо-пассажирский,постоянный,"воздушный грузо-пассажирский, постоянный, многосторонний",true,true,2023-02-28,https://rosgranstroy.ru/checkpoints/373,
Якутск,Республика Саха (Якутия),YKS,UEEE,грузо-пассажирский,постоянный,"воздушный грузо-пассажирский, постоянный, многосторонний",true,true,2026-02-16,https://rosgranstroy.ru/checkpoints/374,
Ярославль (Туношна),Ярославская область,IAR,UUDL,грузо-пассажирский,нерегулярный,"воздушный грузо-пассажирский, работающий на нерегулярной основе, многосторонний",true,true,2026-02-16,https://rosgranstroy.ru/checkpoints/377,
